{"schema":6,"addons":[{"id":"uBlock0@raymondhill.net","icons":{"32":"https://addons.mozilla.org/user-media/addon_icons/607/607454-32.png?modified=mcrushed","64":"https://addons.mozilla.org/user-media/addon_icons/607/607454-64.png?modified=mcrushed","128":"https://addons.mozilla.org/user-media/addon_icons/607/607454-128.png?modified=mcrushed"},"name":"uBlock Origin","version":"1.50.0","sourceURI":"https://addons.mozilla.org/firefox/downloads/file/4121906/ublock_origin-1.50.0.xpi","homepageURL":"https://github.com/gorhill/uBlock#ublock-origin","supportURL":"https://old.reddit.com/r/uBlockOrigin/","description":"Finally, an efficient wide-spectrum content blocker. Easy on CPU and memory.","fullDescription":"uBlock Origin is not an \"ad blocker\", it's a wide-spectrum content blocker with CPU and memory efficiency as a primary feature.\n\n***\n\nOut of the box, uBO blocks ads, trackers, coin miners, popups, etc. through the following lists of filters, enabled by default:\n\n- EasyList (ads)\n- EasyPrivacy (tracking)\n- Peter Lowe’s Ad server list (ads and tracking)\n- Online Malicious URL Blocklist\n- uBO's own lists\n\nMore lists are available for you to select if you wish:\n\n- EasyList Cookie\n- Fanboy Annoyances\n- AdGuard Annoyances\n- Dan Pollock’s hosts file\n- And many others\n\nAdditionally, you can point-and-click to block JavaScript locally or globally, create your own global or local rules to override entries from filter lists, and many more advanced features.\n\n***\n\nFree.\nOpen source with public license (GPLv3)\nFor users by users.\n\nIf ever you really do want to contribute something, think about the people working hard to maintain the filter lists you are using, which were made available to use by all for free.\n\n***\n\n    Documentation\n    Release notes\n    Community support @ Reddit\n    Contributors @ GitHub\n    Contributors @ Crowdin","weeklyDownloads":128318,"type":"extension","creator":{"name":"Raymond Hill","url":"https://addons.mozilla.org/en-US/firefox/user/11423598/"},"developers":[],"screenshots":[{"url":"https://addons.mozilla.org/user-media/previews/full/238/238546.png?modified=1622132421","width":1011,"height":758,"thumbnailURL":"https://addons.mozilla.org/user-media/previews/thumbs/238/238546.jpg?modified=1622132421","thumbnailWidth":533,"thumbnailHeight":400,"caption":"The popup panel: default mode"},{"url":"https://addons.mozilla.org/user-media/previews/full/238/238548.png?modified=1622132423","width":1011,"height":758,"thumbnailURL":"https://addons.mozilla.org/user-media/previews/thumbs/238/238548.jpg?modified=1622132423","thumbnailWidth":533,"thumbnailHeight":400,"caption":"The dashboard: stock filter lists"},{"url":"https://addons.mozilla.org/user-media/previews/full/238/238547.png?modified=1622132425","width":1011,"height":758,"thumbnailURL":"https://addons.mozilla.org/user-media/previews/thumbs/238/238547.jpg?modified=1622132425","thumbnailWidth":533,"thumbnailHeight":400,"caption":"The popup panel: default-deny mode"},{"url":"https://addons.mozilla.org/user-media/previews/full/238/238549.png?modified=1622132426","width":1011,"height":758,"thumbnailURL":"https://addons.mozilla.org/user-media/previews/thumbs/238/238549.jpg?modified=1622132426","thumbnailWidth":533,"thumbnailHeight":400,"caption":"The dashboard: settings"},{"url":"https://addons.mozilla.org/user-media/previews/full/238/238552.png?modified=1622132430","width":970,"height":1800,"thumbnailURL":"https://addons.mozilla.org/user-media/previews/thumbs/238/238552.jpg?modified=1622132430","thumbnailWidth":216,"thumbnailHeight":400,"caption":"The popup panel in Firefox Preview: default mode with more blocking options revealed"},{"url":"https://addons.mozilla.org/user-media/previews/full/230/230370.png?modified=1622132432","width":800,"height":600,"thumbnailURL":"https://addons.mozilla.org/user-media/previews/thumbs/230/230370.jpg?modified=1622132432","thumbnailWidth":533,"thumbnailHeight":400,"caption":"The unified logger tells you all that uBO is seeing and doing"}],"contributionURL":"","averageRating":4.7816,"reviewCount":4062,"reviewURL":"https://addons.mozilla.org/en-US/firefox/addon/ublock-origin/reviews/","updateDate":1688566226000},{"id":"{73a6fe31-595d-460b-a920-fcc0f8843232}","icons":{"32":"https://addons.mozilla.org/user-media/addon_icons/0/722-32.png?modified=238235f7","64":"https://addons.mozilla.org/user-media/addon_icons/0/722-64.png?modified=238235f7","128":"https://addons.mozilla.org/user-media/addon_icons/0/722-128.png?modified=238235f7"},"name":"NoScript Security Suite","version":"11.4.24","sourceURI":"https://addons.mozilla.org/firefox/downloads/file/4131645/noscript-11.4.24.xpi","homepageURL":"https://noscript.net","supportURL":"https://noscript.net/forum","description":"The best security you can get in a web browser! Allow potentially malicious web content to run only from sites you trust. Protect yourself against XSS other web security exploits.","fullDescription":"Winner of the \"PC World - World Class Award\" and bundled with the Tor Browser, NoScript gives you the best available protection on the web. It allows JavaScript, Flash, and other executable content to run only from trusted domains of your choice (e.g. your banking site), thus mitigating remotely exploitable vulnerabilities, such as Spectre and Meltdown.\n\nIt protects your \"trust boundaries\" against cross-site scripting attacks (XSS), cross-zone DNS rebinding / CSRF attacks (router hacking), and Clickjacking attempts, thanks to its unique ClearClick technology.\n\nSuch a preemptive approach prevents exploitation of security vulnerabilities (known and unknown!) with no loss of functionality where you need it. Experts do agree: Firefox is really safer with NoScript ;-)\n\nFAQ: https://noscript.net/faq\nForum: https://noscript.net/forum\n\nA Basic NoScript 10 Guide\n\nStill confused by NoScript 10's new UI?\nCheck this user-contributed NoScript 10 primer.\nand this NoScript 10 \"Quantum\" vs NoScript 5 \"Classic\" (or \"Legacy\") comparison.","weeklyDownloads":7394,"type":"extension","creator":{"name":"Giorgio Maone","url":"https://addons.mozilla.org/en-US/firefox/user/143/"},"developers":[],"screenshots":[{"url":"https://addons.mozilla.org/user-media/previews/full/267/267408.png?modified=1668722455","width":960,"height":727,"thumbnailURL":"https://addons.mozilla.org/user-media/previews/thumbs/267/267408.jpg?modified=1668722455","thumbnailWidth":528,"thumbnailHeight":400,"caption":"You are finally in control, and can decide by yourself which sites you TRUST. Don't let any unknown or UNTRUSTED sites to execute scripts and use other potentially dangerous capabilities in your browser!"},{"url":"https://addons.mozilla.org/user-media/previews/full/267/267511.png?modified=1668722455","width":717,"height":542,"thumbnailURL":"https://addons.mozilla.org/user-media/previews/thumbs/267/267511.jpg?modified=1668722455","thumbnailWidth":529,"thumbnailHeight":400,"caption":"You can globally configure permissions for all the websites (DEFAULT preset), those you trust (TRUSTED) and those which you don't trust (UNTRUSTED). Then you can CUSTOMize them further for each site, if you want."},{"url":"https://addons.mozilla.org/user-media/previews/full/267/267512.png?modified=1668722455","width":717,"height":542,"thumbnailURL":"https://addons.mozilla.org/user-media/previews/thumbs/267/267512.jpg?modified=1668722455","thumbnailWidth":529,"thumbnailHeight":400,"caption":"Both dark and light color schemes are supported!"}],"contributionURL":"https://www.paypal.com/donate/?hosted_button_id=9ERKTU5MBH4EW&utm_content=product-page-contribute&utm_medium=referral&utm_source=addons.mozilla.org","averageRating":4.4066,"reviewCount":808,"reviewURL":"https://addons.mozilla.org/en-US/firefox/addon/noscript/reviews/","updateDate":1688308528000},{"id":"jid1-BoFifL9Vbdl2zQ@jetpack","icons":{"32":"https://addons.mozilla.org/user-media/addon_icons/521/521554-32.png?modified=mcrushed","64":"https://addons.mozilla.org/user-media/addon_icons/521/521554-64.png?modified=mcrushed","128":"https://addons.mozilla.org/user-media/addon_icons/521/521554-128.png?modified=mcrushed"},"name":"Decentraleyes","version":"2.0.17","sourceURI":"https://addons.mozilla.org/firefox/downloads/file/3902154/decentraleyes-2.0.17.xpi","homepageURL":"https://decentraleyes.org","supportURL":"https://decentraleyes.org","description":"Protects you against tracking through \"free\", centralized, content delivery. It prevents a lot of requests from reaching networks like Google Hosted Libraries, and serves local files to keep sites from breaking. Complements regular content blockers.","fullDescription":"Websites have increasingly begun to rely much more on large third-parties for content delivery. Canceling requests for ads or trackers is usually without issue, however blocking actual content, not unexpectedly, breaks pages. The aim of this add-on is to cut out the middleman by providing lightning speed delivery of local (bundled) files to improve online privacy.\n\n     • Protects privacy by evading large delivery networks that claim to offer free services.\n     • Complements regular blockers such as uBlock Origin (recommended), Adblock Plus, et al.\n     • Works directly out of the box; absolutely no prior configuration required.\n\nNote: Decentraleyes is no silver bullet, but it does prevent a lot of websites from making you send these kinds of requests. Ultimately, you can make Decentraleyes block requests for any missing CDN resources, too.\n\n   > Simpler introduction: https://git.synz.io/Synzvato/decentraleyes/wikis/Simple-Introduction\n\nAm I Currently Protected?\n\nThe following testing utility shows you if you are properly protected. It's the recommended and, probably, fastest way to see if this add-on is installed, enabled, and correctly configured.\n\n   > Full link to testing utility: https://decentraleyes.org/test\n\nFrequently Asked Questions\n\n   > Full link to FAQ: https://git.synz.io/Synzvato/decentraleyes/wikis/Frequently-Asked-Questions\n\nTechnical Information\n\n- Supported Networks: Google Hosted Libraries, Microsoft Ajax CDN, CDNJS (Cloudflare), jQuery CDN (MaxCDN), jsDelivr (MaxCDN), Yandex CDN, Baidu CDN, Sina Public Resources, and UpYun Libraries.\n\n- Bundled Resources: AngularJS, Backbone.js, Dojo, Ember.js, Ext Core, jQuery, jQuery UI, Modernizr, MooTools, Prototype, Scriptaculous, SWFObject, Underscore.js, and Web Font Loader.\n\nPersonal Support\n\nIs your question not listed above, or do you have any other reason to contact me personally? You can always reach me at decentraleyes@protonmail.com. Bug reports or suggestions are highly welcome and I reply to every single email.\n\nFeel free to use this public PGP key for encrypted communication.\n\n   > Full link to public PGP key: https://decentraleyes.org/3f774aff6d/public-key.txt\n\nAre You Enjoying this Add-on?\n\nDecentraleyes is, and will always be, free, but you can support its continued development by making a donation, by contributing on GitLab, or by spreading the word (which does wonders). Any help would be greatly appreciated!\n\n     • GitLab: https://git.synz.io/Synzvato/decentraleyes\n     • Donate: https://decentraleyes.org/donate","weeklyDownloads":3422,"type":"extension","creator":{"name":"Thomas Rientjes","url":"https://addons.mozilla.org/en-US/firefox/user/6937656/"},"developers":[],"screenshots":[{"url":"https://addons.mozilla.org/user-media/previews/full/137/137406.png?modified=1622132453","width":700,"height":521,"thumbnailURL":"https://addons.mozilla.org/user-media/previews/thumbs/137/137406.jpg?modified=1622132453","thumbnailWidth":533,"thumbnailHeight":397,"caption":"Evades Content Delivery Networks without breaking websites."},{"url":"https://addons.mozilla.org/user-media/previews/full/205/205808.png?modified=1622132454","width":700,"height":521,"thumbnailURL":"https://addons.mozilla.org/user-media/previews/thumbs/205/205808.jpg?modified=1622132454","thumbnailWidth":533,"thumbnailHeight":397,"caption":"Complements regular content blockers (e.g. uBlock Origin)."}],"contributionURL":"","averageRating":4.8141,"reviewCount":239,"reviewURL":"https://addons.mozilla.org/en-US/firefox/addon/decentraleyes/reviews/","updateDate":1643661940000}]}