{"abouthome-startup-cache-5":{"slug":"abouthome-startup-cache-5","branch":{"slug":"control","ratio":1,"feature":{"value":{},"enabled":false,"featureId":"this-is-included-for-desktop-pre-95-support"},"features":[{"value":{"enabled":false},"enabled":true,"featureId":"abouthomecache"}]},"active":false,"enrollmentId":"2b9c13e5-9980-4e91-b1f7-920ead32a27c","experimentType":"nimbus","source":"rs-loader","userFacingName":"about:home startup cache 5","userFacingDescription":"The about:home startup cache tries to make loading the default homepage in Firefox faster after it first starts.","lastSeen":"2023-07-06T02:38:00.590Z","featureIds":["abouthomecache"],"prefs":[],"isRollout":false}}