{"schemaVersion":35,"addons":[{"id":"langpack-en-US@firefox.mozilla.org","syncGUID":"{35e4d5f9-e687-4045-a083-38ba2a293524}","version":"110.0buildid20230214.051806","type":"locale","loader":null,"updateURL":null,"installOrigins":null,"manifestVersion":2,"optionsURL":null,"optionsType":null,"optionsBrowserStyle":true,"aboutURL":null,"defaultLocale":{"name":"Language: English (US)","description":"Firefox Language Pack for English (US) (en-US)","creator":"mozilla.org","developers":null,"translators":null,"contributors":null},"visible":true,"active":true,"userDisabled":false,"appDisabled":false,"embedderDisabled":false,"installDate":1688611078399,"updateDate":1688611078399,"applyBackgroundUpdates":1,"path":"/home/b/snap/firefox/common/.mozilla/firefox/0vvovta0.default/extensions/langpack-en-US@firefox.mozilla.org.xpi","skinnable":false,"sourceURI":null,"releaseNotesURI":null,"softDisabled":false,"foreignInstall":false,"strictCompatibility":true,"locales":[],"targetApplications":[{"id":"toolkit@mozilla.org","minVersion":"110.0","maxVersion":"110.*"}],"targetPlatforms":[],"signedState":2,"signedDate":1676357703000,"seen":true,"dependencies":[],"userPermissions":null,"optionalPermissions":null,"icons":{},"iconURL":null,"blocklistState":0,"blocklistURL":null,"startupData":{"chromeEntries":[["locale","app-marketplace-icons","en-US","browser/chrome/browser/locale/en-US/app-marketplace-icons/"],["locale","branding","en-US","browser/chrome/en-US/locale/branding/"],["locale","browser","en-US","browser/chrome/en-US/locale/browser/"],["locale","browser-region","en-US","browser/chrome/en-US/locale/browser-region/"],["locale","devtools","en-US","browser/chrome/en-US/locale/en-US/devtools/client/"],["locale","devtools-shared","en-US","browser/chrome/en-US/locale/en-US/devtools/shared/"],["locale","formautofill","en-US","browser/features/formautofill@mozilla.org/en-US/locale/en-US/"],["locale","report-site-issue","en-US","browser/features/webcompat-reporter@mozilla.org/en-US/locale/en-US/"],["locale","alerts","en-US","chrome/en-US/locale/en-US/alerts/"],["locale","autoconfig","en-US","chrome/en-US/locale/en-US/autoconfig/"],["locale","global","en-US","chrome/en-US/locale/en-US/global/"],["locale","global-platform","en-US","chrome/en-US/locale/en-US/global-platform/unix/"],["locale","mozapps","en-US","chrome/en-US/locale/en-US/mozapps/"],["locale","necko","en-US","chrome/en-US/locale/en-US/necko/"],["locale","passwordmgr","en-US","chrome/en-US/locale/en-US/passwordmgr/"],["locale","pdf.js","en-US","chrome/en-US/locale/pdfviewer/"],["locale","pipnss","en-US","chrome/en-US/locale/en-US/pipnss/"],["locale","pippki","en-US","chrome/en-US/locale/en-US/pippki/"],["locale","places","en-US","chrome/en-US/locale/en-US/places/"],["locale","weave","en-US","chrome/en-US/locale/en-US/services/"]],"langpackId":"langpack-en-US-browser","l10nRegistrySources":{"toolkit":"","browser":"browser/"},"languages":["en-US"]},"hidden":false,"installTelemetryInfo":{"source":"distribution"},"recommendationState":null,"rootURI":"jar:file:///home/b/snap/firefox/common/.mozilla/firefox/0vvovta0.default/extensions/langpack-en-US@firefox.mozilla.org.xpi!/","location":"app-profile"},{"id":"formautofill@mozilla.org","syncGUID":"{975e77df-ad70-4763-af4b-d8cca14f50c1}","version":"1.0.1","type":"extension","loader":null,"updateURL":null,"installOrigins":null,"manifestVersion":2,"optionsURL":null,"optionsType":null,"optionsBrowserStyle":true,"aboutURL":null,"defaultLocale":{"name":"Form Autofill","creator":null,"developers":null,"translators":null,"contributors":null},"visible":true,"active":true,"userDisabled":false,"appDisabled":false,"embedderDisabled":false,"installDate":1676399081000,"updateDate":1676399081000,"applyBackgroundUpdates":1,"path":"/snap/firefox/2356/usr/lib/firefox/browser/features/formautofill@mozilla.org.xpi","skinnable":false,"sourceURI":null,"releaseNotesURI":null,"softDisabled":false,"foreignInstall":false,"strictCompatibility":true,"locales":[],"targetApplications":[{"id":"toolkit@mozilla.org","minVersion":null,"maxVersion":null}],"targetPlatforms":[],"signedDate":null,"seen":true,"dependencies":[],"incognito":"spanning","userPermissions":{"permissions":[],"origins":[]},"optionalPermissions":{"permissions":[],"origins":[]},"icons":{},"iconURL":null,"blocklistState":0,"blocklistURL":null,"startupData":null,"hidden":true,"installTelemetryInfo":null,"recommendationState":null,"rootURI":"jar:file:///snap/firefox/2356/usr/lib/firefox/browser/features/formautofill@mozilla.org.xpi!/","location":"app-system-defaults"},{"id":"pictureinpicture@mozilla.org","syncGUID":"{78df986a-fdea-445f-b60b-c0893212294e}","version":"1.0.0","type":"extension","loader":null,"updateURL":null,"installOrigins":null,"manifestVersion":2,"optionsURL":null,"optionsType":null,"optionsBrowserStyle":true,"aboutURL":null,"defaultLocale":{"name":"Picture-In-Picture","description":"Fixes for web compatibility with Picture-in-Picture","creator":null,"developers":null,"translators":null,"contributors":null},"visible":true,"active":true,"userDisabled":false,"appDisabled":false,"embedderDisabled":false,"installDate":1676399081000,"updateDate":1676399081000,"applyBackgroundUpdates":1,"path":"/snap/firefox/2356/usr/lib/firefox/browser/features/pictureinpicture@mozilla.org.xpi","skinnable":false,"sourceURI":null,"releaseNotesURI":null,"softDisabled":false,"foreignInstall":false,"strictCompatibility":true,"locales":[],"targetApplications":[{"id":"toolkit@mozilla.org","minVersion":"88.0a1","maxVersion":null}],"targetPlatforms":[],"signedDate":null,"seen":true,"dependencies":[],"incognito":"spanning","userPermissions":{"permissions":[],"origins":[]},"optionalPermissions":{"permissions":[],"origins":[]},"icons":{},"iconURL":null,"blocklistState":0,"blocklistURL":null,"startupData":null,"hidden":true,"installTelemetryInfo":null,"recommendationState":null,"rootURI":"jar:file:///snap/firefox/2356/usr/lib/firefox/browser/features/pictureinpicture@mozilla.org.xpi!/","location":"app-system-defaults"},{"id":"screenshots@mozilla.org","syncGUID":"{069889d8-174c-4157-bc1f-8b0b66e8ac48}","version":"39.0.1","type":"extension","loader":null,"updateURL":null,"installOrigins":null,"manifestVersion":2,"optionsURL":null,"optionsType":null,"optionsBrowserStyle":true,"aboutURL":null,"defaultLocale":{"name":"Firefox Screenshots","description":"Take clips and screenshots from the Web and save them temporarily or permanently.","creator":"Mozilla <screenshots-feedback@mozilla.com>","homepageURL":"https://github.com/mozilla-services/screenshots","developers":null,"translators":null,"contributors":null},"visible":true,"active":true,"userDisabled":false,"appDisabled":false,"embedderDisabled":false,"installDate":1676399081000,"updateDate":1676399081000,"applyBackgroundUpdates":1,"path":"/snap/firefox/2356/usr/lib/firefox/browser/features/screenshots@mozilla.org.xpi","skinnable":false,"sourceURI":null,"releaseNotesURI":null,"softDisabled":false,"foreignInstall":false,"strictCompatibility":true,"locales":[],"targetApplications":[{"id":"toolkit@mozilla.org","minVersion":"57.0a1","maxVersion":null}],"targetPlatforms":[],"signedDate":null,"seen":true,"dependencies":[],"incognito":"spanning","userPermissions":{"permissions":["activeTab","downloads","tabs","storage","notifications","clipboardWrite","contextMenus","mozillaAddons","telemetry"],"origins":["<all_urls>","https://screenshots.firefox.com/","resource://pdf.js/","about:reader*","https://screenshots.firefox.com/*"]},"optionalPermissions":{"permissions":[],"origins":[]},"icons":{},"iconURL":null,"blocklistState":0,"blocklistURL":null,"startupData":null,"hidden":true,"installTelemetryInfo":null,"recommendationState":null,"rootURI":"jar:file:///snap/firefox/2356/usr/lib/firefox/browser/features/screenshots@mozilla.org.xpi!/","location":"app-system-defaults"},{"id":"webcompat-reporter@mozilla.org","syncGUID":"{f7b3f086-12c1-477c-b5b7-6bf4fb33c038}","version":"1.5.1","type":"extension","loader":null,"updateURL":null,"installOrigins":null,"manifestVersion":2,"optionsURL":null,"optionsType":null,"optionsBrowserStyle":true,"aboutURL":null,"defaultLocale":{"name":"WebCompat Reporter","description":"Report site compatibility issues on webcompat.com","creator":"Thomas Wisniewski <twisniewski@mozilla.com>","homepageURL":"https://github.com/mozilla/webcompat-reporter","developers":null,"translators":null,"contributors":null},"visible":true,"active":false,"userDisabled":true,"appDisabled":false,"embedderDisabled":false,"installDate":1676399081000,"updateDate":1676399081000,"applyBackgroundUpdates":1,"path":"/snap/firefox/2356/usr/lib/firefox/browser/features/webcompat-reporter@mozilla.org.xpi","skinnable":false,"sourceURI":null,"releaseNotesURI":null,"softDisabled":false,"foreignInstall":false,"strictCompatibility":true,"locales":[],"targetApplications":[{"id":"toolkit@mozilla.org","minVersion":null,"maxVersion":null}],"targetPlatforms":[],"signedDate":null,"seen":true,"dependencies":[],"incognito":"spanning","userPermissions":{"permissions":["tabs"],"origins":["<all_urls>"]},"optionalPermissions":{"permissions":[],"origins":[]},"icons":{"16":"icons/lightbulb.svg","32":"icons/lightbulb.svg","48":"icons/lightbulb.svg","96":"icons/lightbulb.svg","128":"icons/lightbulb.svg"},"iconURL":null,"blocklistState":0,"blocklistURL":null,"startupData":null,"hidden":true,"installTelemetryInfo":null,"recommendationState":null,"rootURI":"jar:file:///snap/firefox/2356/usr/lib/firefox/browser/features/webcompat-reporter@mozilla.org.xpi!/","location":"app-system-defaults"},{"id":"webcompat@mozilla.org","syncGUID":"{2ae39d03-d4e8-4551-9179-dc8dc0e724cd}","version":"110.0.0","type":"extension","loader":null,"updateURL":null,"installOrigins":null,"manifestVersion":2,"optionsURL":null,"optionsType":null,"optionsBrowserStyle":true,"aboutURL":null,"defaultLocale":{"name":"Web Compatibility Interventions","description":"Urgent post-release fixes for web compatibility.","creator":null,"developers":null,"translators":null,"contributors":null},"visible":true,"active":true,"userDisabled":false,"appDisabled":false,"embedderDisabled":false,"installDate":1676399081000,"updateDate":1676399081000,"applyBackgroundUpdates":1,"path":"/snap/firefox/2356/usr/lib/firefox/browser/features/webcompat@mozilla.org.xpi","skinnable":false,"sourceURI":null,"releaseNotesURI":null,"softDisabled":false,"foreignInstall":false,"strictCompatibility":true,"locales":[],"targetApplications":[{"id":"toolkit@mozilla.org","minVersion":"102.0","maxVersion":null}],"targetPlatforms":[],"signedDate":null,"seen":true,"dependencies":[],"incognito":"spanning","userPermissions":{"permissions":["mozillaAddons","tabs","webNavigation","webRequest","webRequestBlocking"],"origins":["<all_urls>"]},"optionalPermissions":{"permissions":[],"origins":[]},"icons":{},"iconURL":null,"blocklistState":0,"blocklistURL":null,"startupData":null,"hidden":true,"installTelemetryInfo":null,"recommendationState":null,"rootURI":"jar:file:///snap/firefox/2356/usr/lib/firefox/browser/features/webcompat@mozilla.org.xpi!/","location":"app-system-defaults"},{"id":"default-theme@mozilla.org","syncGUID":"{0f3f5b4a-34ab-4446-b5f2-15432ff29a65}","version":"1.3","type":"theme","loader":null,"updateURL":null,"installOrigins":null,"manifestVersion":2,"optionsURL":null,"optionsType":null,"optionsBrowserStyle":true,"aboutURL":null,"defaultLocale":{"name":"System theme — auto","description":"Follow the operating system setting for buttons, menus, and windows.","creator":"Mozilla","developers":null,"translators":null,"contributors":null},"visible":true,"active":true,"userDisabled":false,"appDisabled":false,"embedderDisabled":false,"installDate":1688611078834,"applyBackgroundUpdates":1,"path":null,"skinnable":false,"sourceURI":null,"releaseNotesURI":null,"softDisabled":false,"foreignInstall":false,"strictCompatibility":true,"locales":[],"targetApplications":[{"id":"toolkit@mozilla.org","minVersion":null,"maxVersion":null}],"targetPlatforms":[],"signedDate":null,"seen":true,"dependencies":[],"userPermissions":null,"optionalPermissions":null,"icons":{"32":"icon.svg"},"iconURL":null,"blocklistState":0,"blocklistURL":null,"startupData":null,"hidden":false,"installTelemetryInfo":null,"recommendationState":null,"rootURI":"resource://default-theme/","location":"app-builtin"},{"id":"addons-search-detection@mozilla.com","syncGUID":"{c542db3c-69c7-4bbd-83c9-cc8905a0ed6b}","version":"2.0.0","type":"extension","loader":null,"updateURL":null,"installOrigins":null,"manifestVersion":2,"optionsURL":null,"optionsType":null,"optionsBrowserStyle":true,"aboutURL":null,"defaultLocale":{"name":"Add-ons Search Detection","description":"","creator":null,"developers":null,"translators":null,"contributors":null},"visible":true,"active":true,"userDisabled":false,"appDisabled":false,"embedderDisabled":false,"installDate":1688611079457,"applyBackgroundUpdates":1,"path":null,"skinnable":false,"sourceURI":null,"releaseNotesURI":null,"softDisabled":false,"foreignInstall":false,"strictCompatibility":true,"locales":[],"targetApplications":[{"id":"toolkit@mozilla.org","minVersion":null,"maxVersion":null}],"targetPlatforms":[],"signedDate":null,"seen":true,"dependencies":[],"incognito":"spanning","userPermissions":{"permissions":["telemetry","webRequest","webRequestBlocking"],"origins":["<all_urls>"]},"optionalPermissions":{"permissions":[],"origins":[]},"icons":{},"iconURL":null,"blocklistState":0,"blocklistURL":null,"startupData":null,"hidden":true,"installTelemetryInfo":null,"recommendationState":null,"rootURI":"resource://builtin-addons/search-detection/","location":"app-builtin"},{"id":"google@search.mozilla.org","syncGUID":"{ff58463b-a1f4-4460-af3c-45fa588703a2}","version":"1.3","type":"extension","loader":null,"updateURL":null,"installOrigins":null,"manifestVersion":2,"optionsURL":null,"optionsType":null,"optionsBrowserStyle":true,"aboutURL":null,"defaultLocale":{"name":"Google","description":"Google Search","creator":null,"developers":null,"translators":null,"contributors":null},"visible":true,"active":true,"userDisabled":false,"appDisabled":false,"embedderDisabled":false,"installDate":1688611079635,"applyBackgroundUpdates":1,"path":null,"skinnable":false,"sourceURI":null,"releaseNotesURI":null,"softDisabled":false,"foreignInstall":false,"strictCompatibility":true,"locales":[{"name":"Google","description":"Google Search","creator":null,"developers":null,"translators":null,"contributors":null,"locales":["en"]},{"name":"Google","description":"Google Search","creator":null,"developers":null,"translators":null,"contributors":null,"locales":["region-ru"]},{"name":"Google","description":"Google Search","creator":null,"developers":null,"translators":null,"contributors":null,"locales":["region-by"]},{"name":"Google","description":"Google Search","creator":null,"developers":null,"translators":null,"contributors":null,"locales":["region-tr"]},{"name":"Google","description":"Google Search","creator":null,"developers":null,"translators":null,"contributors":null,"locales":["region-kz"]}],"targetApplications":[{"id":"toolkit@mozilla.org","minVersion":null,"maxVersion":null}],"targetPlatforms":[],"signedDate":null,"seen":true,"dependencies":[],"incognito":"spanning","userPermissions":{"permissions":[],"origins":[]},"optionalPermissions":{"permissions":[],"origins":[]},"icons":{"16":"favicon.ico"},"iconURL":null,"blocklistState":0,"blocklistURL":null,"startupData":null,"hidden":true,"installTelemetryInfo":null,"recommendationState":null,"rootURI":"resource://search-extensions/google/","location":"app-builtin"},{"id":"amazondotcom@search.mozilla.org","syncGUID":"{7acbcf20-79b4-4e0b-897c-2cdf0e606be3}","version":"1.4","type":"extension","loader":null,"updateURL":null,"installOrigins":null,"manifestVersion":2,"optionsURL":null,"optionsType":null,"optionsBrowserStyle":true,"aboutURL":null,"defaultLocale":{"name":"Amazon.com","description":"Amazon.com Search","creator":null,"developers":null,"translators":null,"contributors":null},"visible":true,"active":true,"userDisabled":false,"appDisabled":false,"embedderDisabled":false,"installDate":1688611079672,"applyBackgroundUpdates":1,"path":null,"skinnable":false,"sourceURI":null,"releaseNotesURI":null,"softDisabled":false,"foreignInstall":false,"strictCompatibility":true,"locales":[{"name":"Amazon.com","description":"Amazon.com Search","creator":null,"developers":null,"translators":null,"contributors":null,"locales":["en"]},{"name":"Amazon.com","description":"Amazon.com Search","creator":null,"developers":null,"translators":null,"contributors":null,"locales":["us"]},{"name":"Amazon.com","description":"Amazon.com Search","creator":null,"developers":null,"translators":null,"contributors":null,"locales":["en-adm"]}],"targetApplications":[{"id":"toolkit@mozilla.org","minVersion":null,"maxVersion":null}],"targetPlatforms":[],"signedDate":null,"seen":true,"dependencies":[],"incognito":"spanning","userPermissions":{"permissions":[],"origins":[]},"optionalPermissions":{"permissions":[],"origins":[]},"icons":{"16":"favicon.ico"},"iconURL":null,"blocklistState":0,"blocklistURL":null,"startupData":null,"hidden":true,"installTelemetryInfo":null,"recommendationState":null,"rootURI":"resource://search-extensions/amazondotcom/","location":"app-builtin"},{"id":"wikipedia@search.mozilla.org","syncGUID":"{86f11fc8-0397-43b9-9734-d60ec6ac0496}","version":"1.2","type":"extension","loader":null,"updateURL":null,"installOrigins":null,"manifestVersion":2,"optionsURL":null,"optionsType":null,"optionsBrowserStyle":true,"aboutURL":null,"defaultLocale":{"name":"Wikipedia (en)","description":"Wikipedia, the Free Encyclopedia","creator":null,"developers":null,"translators":null,"contributors":null},"visible":true,"active":true,"userDisabled":false,"appDisabled":false,"embedderDisabled":false,"installDate":1688611079702,"applyBackgroundUpdates":1,"path":null,"skinnable":false,"sourceURI":null,"releaseNotesURI":null,"softDisabled":false,"foreignInstall":false,"strictCompatibility":true,"locales":[{"name":"Wikipedia (en)","description":"Wikipedia, the Free Encyclopedia","creator":null,"developers":null,"translators":null,"contributors":null,"locales":["en"]},{"name":"Wikipedija (hr)","description":"Wikipedija, slobodna enciklopedija","creator":null,"developers":null,"translators":null,"contributors":null,"locales":["hr"]},{"name":"Wikipedia (fi)","description":"Wikipedia (fi), vapaa tietosanakirja","creator":null,"developers":null,"translators":null,"contributors":null,"locales":["fi"]},{"name":"Wikipedia (hy)","description":"Վիքիփեդիա՝ ազատ հանրագիտարան","creator":null,"developers":null,"translators":null,"contributors":null,"locales":["hy"]},{"name":"Уикипедия (kk)","description":"Уикипедия (kk)","creator":null,"developers":null,"translators":null,"contributors":null,"locales":["kk"]},{"name":"Вікіпедыя (be)","description":"Вікіпедыя, свабодная энцыклапедыя","creator":null,"developers":null,"translators":null,"contributors":null,"locales":["be"]},{"name":"위키백과 (ko)","description":"Wikipedia, the free encyclopedia","creator":null,"developers":null,"translators":null,"contributors":null,"locales":["kr"]},{"name":"Wikipedia (ro)","description":"Wikipedia, enciclopedia liberă","creator":null,"developers":null,"translators":null,"contributors":null,"locales":["ro"]},{"name":"Wikipedia (bs)","description":"Slobodna enciklopedija","creator":null,"developers":null,"translators":null,"contributors":null,"locales":["bs"]},{"name":"Wikipedia (pt)","description":"Wikipédia, a enciclopédia livre","creator":null,"developers":null,"translators":null,"contributors":null,"locales":["pt"]},{"name":"Vikipetã (gn)","description":"Vikipetã, opaite tembikuaa hekosãsóva renda","creator":null,"developers":null,"translators":null,"contributors":null,"locales":["gn"]},{"name":"વિકિપીડિયા (gu)","description":"વીકીપીડિયા, મુક્ત એનસાયક્લોપીડિયા","creator":null,"developers":null,"translators":null,"contributors":null,"locales":["gu"]},{"name":"Wikipedia (el)","description":"Βικιπαίδεια, η ελεύθερη εγκυκλοπαίδεια","creator":null,"developers":null,"translators":null,"contributors":null,"locales":["el"]},{"name":"Wikipedia (es)","description":"Wikipedia, la enciclopedia libre","creator":null,"developers":null,"translators":null,"contributors":null,"locales":["es"]},{"name":"ויקיפדיה","description":"ויקיפדיה","creator":null,"developers":null,"translators":null,"contributors":null,"locales":["he"]},{"name":"Wikipedia (da)","description":"Wikipedia, den frie encyklopædi","creator":null,"developers":null,"translators":null,"contributors":null,"locales":["da"]},{"name":"Wikipedia (tr)","description":"Vikipedi, özgür ansiklopedi","creator":null,"developers":null,"translators":null,"contributors":null,"locales":["tr"]},{"name":"Wikipedija (hsb)","description":"Wikipedija, swobodna encyklopedija","creator":null,"developers":null,"translators":null,"contributors":null,"locales":["hsb"]},{"name":"Wikipedy (fy)","description":"De fergese ensyklopedy","creator":null,"developers":null,"translators":null,"contributors":null,"locales":["fy-NL"]},{"name":"विकिपीडिया (ne)","description":"विकिपिडिया एक स्वतन्त्र विश्वकोष","creator":null,"developers":null,"translators":null,"contributors":null,"locales":["ne"]},{"name":"Wikipedia (nl)","description":"De vrije encyclopedie","creator":null,"developers":null,"translators":null,"contributors":null,"locales":["nl"]},{"name":"Wikipedia (ja)","description":"Wikipedia - フリー百科事典","creator":null,"developers":null,"translators":null,"contributors":null,"locales":["ja"]},{"name":"Vikipeedia (et)","description":"Vikipeedia, vaba entsüklopeedia","creator":null,"developers":null,"translators":null,"contributors":null,"locales":["et"]},{"name":"Wikipèdia (oc)","description":"Wikipèdia, l'enciclopèdia liura","creator":null,"developers":null,"translators":null,"contributors":null,"locales":["oc"]},{"name":"Wicipedia (cy)","description":"Wicipedia, Y Gwyddioniadur Rhydd","creator":null,"developers":null,"translators":null,"contributors":null,"locales":["cy"]},{"name":"వికీపీడియా (te)","description":"వికీపీడియా (te)","creator":null,"developers":null,"translators":null,"contributors":null,"locales":["te"]},{"name":"Wikipédia (fr)","description":"Wikipédia, l'encyclopédie libre","creator":null,"developers":null,"translators":null,"contributors":null,"locales":["fr"]},{"name":"Wikipedia (tl)","description":"Wikipedia, ang malayang ensiklopedya","creator":null,"developers":null,"translators":null,"contributors":null,"locales":["tl"]},{"name":"维基百科","description":"维基百科，自由的百科全书","creator":null,"developers":null,"translators":null,"contributors":null,"locales":["zh-CN"]},{"name":"Wikipedia (lij)","description":"Wikipedia, l'enciclopedia libera","creator":null,"developers":null,"translators":null,"contributors":null,"locales":["lij"]},{"name":"វីគីភីឌា (km)","description":"វីគីភីឌា សព្វ​វចនា​ធិប្បាយ​សេរី","creator":null,"developers":null,"translators":null,"contributors":null,"locales":["km"]},{"name":"Уикипедия (bg)","description":"Уикипедия, свободната енциклоподия","creator":null,"developers":null,"translators":null,"contributors":null,"locales":["bg"]},{"name":"Wikipedia (id)","description":"Wikipedia, ensiklopedia bebas","creator":null,"developers":null,"translators":null,"contributors":null,"locales":["id"]},{"name":"Wikipedia (pa)","description":"ਵਿਕਿਪੀਡਿਆ, ਮੁਫ਼ਤ/ਮੁਕਤ ਸ਼ਬਦਕੋਸ਼","creator":null,"developers":null,"translators":null,"contributors":null,"locales":["pa"]},{"name":"উইকিপিডিয়া (bn)","description":"উইকিপিডিয়া, মুক্ত বিশ্বকোষ","creator":null,"developers":null,"translators":null,"contributors":null,"locales":["bn"]},{"name":"Wikipedia (eu)","description":"Wikipedia, entziklopedia askea","creator":null,"developers":null,"translators":null,"contributors":null,"locales":["eu"]},{"name":"Wikipedie (cs)","description":"Wikipedia, svobodná encyclopedie","creator":null,"developers":null,"translators":null,"contributors":null,"locales":["cz"]},{"name":"Wikipédia (hu)","description":"Wikipedia, a szabad enciklopédia","creator":null,"developers":null,"translators":null,"contributors":null,"locales":["hu"]},{"name":"Wikipedia (kn)","description":"Wikipedia, the free encyclopedia","creator":null,"developers":null,"translators":null,"contributors":null,"locales":["kn"]},{"name":"Wikipedia (is)","description":"Wikipedia, the free encyclopedia","creator":null,"developers":null,"translators":null,"contributors":null,"locales":["is"]},{"name":"Вікіпедія (uk)","description":"Вікіпедія, вільна енциклопедія","creator":null,"developers":null,"translators":null,"contributors":null,"locales":["uk"]},{"name":"Wikipedia (kab)","description":"Wikipedia, tasanayt tilellit","creator":null,"developers":null,"translators":null,"contributors":null,"locales":["kab"]},{"name":"Wikipedia (zh)","description":"維基百科，自由的百科全書","creator":null,"developers":null,"translators":null,"contributors":null,"locales":["zh-TW"]},{"name":"ویکیپیڈیا (ur)","description":"ویکیپیڈیا آزاد دائرۃ المعارف","creator":null,"developers":null,"translators":null,"contributors":null,"locales":["ur"]},{"name":"Vikipedio (eo)","description":"Vikipedio, la libera enciklopedio","creator":null,"developers":null,"translators":null,"contributors":null,"locales":["eo"]},{"name":"Wikipedia (si)","description":"Wikipedia, the free encyclopedia","creator":null,"developers":null,"translators":null,"contributors":null,"locales":["si"]},{"name":"ويكيبيديا (ar)","description":"ويكيبيديا (ar)","creator":null,"developers":null,"translators":null,"contributors":null,"locales":["ar"]},{"name":"Wikipedia (vi)","description":"Wikipedia, bách khoa toàn thư mở","creator":null,"developers":null,"translators":null,"contributors":null,"locales":["vi"]},{"name":"ვიკიპედია (ka)","description":"ვიკიპედია, თავისუფალი ენციკლოპედია","creator":null,"developers":null,"translators":null,"contributors":null,"locales":["ka"]},{"name":"Uicipeid (gd)","description":"Wikipedia, An leabhar mòr-eòlais","creator":null,"developers":null,"translators":null,"contributors":null,"locales":["gd"]},{"name":"Wikipedia (it)","description":"Wikipedia, l'enciclopedia libera","creator":null,"developers":null,"translators":null,"contributors":null,"locales":["it"]},{"name":"Vikipediya (uz)","description":"Vikipediya, ochiq ensiklopediya","creator":null,"developers":null,"translators":null,"contributors":null,"locales":["uz"]},{"name":"Wikipedia (lt)","description":"Vikipedija, laisvoji enciklopedija","creator":null,"developers":null,"translators":null,"contributors":null,"locales":["lt"]},{"name":"Wikipedia (sq)","description":"Wikipedia, enciklopedia e lirë","creator":null,"developers":null,"translators":null,"contributors":null,"locales":["sq"]},{"name":"Vicipéid (ga)","description":"Vicipéid, an Chiclipéid Shaor","creator":null,"developers":null,"translators":null,"contributors":null,"locales":["ga-IE"]},{"name":"विकिपीडिया (hi)","description":"विकिपीडिया (हिन्दी)","creator":null,"developers":null,"translators":null,"contributors":null,"locales":["hi"]},{"name":"Vikipedeja (ltg)","description":"Vikipēdija, breivuo eņciklopedeja","creator":null,"developers":null,"translators":null,"contributors":null,"locales":["ltg"]},{"name":"விக்கிப்பீடியா (ta)","description":"விக்கிப்பீடியா (ta)","creator":null,"developers":null,"translators":null,"contributors":null,"locales":["ta"]},{"name":"Vikipediya (az)","description":"Vikipediya, açıq ensiklopediya","creator":null,"developers":null,"translators":null,"contributors":null,"locales":["az"]},{"name":"Википедија (mk)","description":"Википедија, слободната енциклопедија","creator":null,"developers":null,"translators":null,"contributors":null,"locales":["mk"]},{"name":"วิกิพีเดีย","description":"วิกิพีเดีย สารานุกรมเสรี","creator":null,"developers":null,"translators":null,"contributors":null,"locales":["th"]},{"name":"Wikipedia (de)","description":"Wikipedia, die freie Enzyklopädie","creator":null,"developers":null,"translators":null,"contributors":null,"locales":["de"]},{"name":"Wikipedija (dsb)","description":"Wikipedija, lichotna encyklopedija","creator":null,"developers":null,"translators":null,"contributors":null,"locales":["dsb"]},{"name":"विकिपीडिया (mr)","description":"विकिपीडिया, मोफत माहितीकोष","creator":null,"developers":null,"translators":null,"contributors":null,"locales":["mr"]},{"name":"Wikipedia (ast)","description":"La enciclopedia llibre","creator":null,"developers":null,"translators":null,"contributors":null,"locales":["ast"]},{"name":"Wikipedia (my)","description":"အခမဲ့လွတ်လပ်စွယ်စုံကျမ်း","creator":null,"developers":null,"translators":null,"contributors":null,"locales":["my"]},{"name":"Wikipedia (rm)","description":"Vichipedia, l'enciclopedia libra","creator":null,"developers":null,"translators":null,"contributors":null,"locales":["rm"]},{"name":"Wikipedia (nn)","description":"Wikipedia, det frie oppslagsverket","creator":null,"developers":null,"translators":null,"contributors":null,"locales":["NN"]},{"name":"Wikipedia (wo)","description":"Wikipedia, Jimbulang bu Ubbeeku bi","creator":null,"developers":null,"translators":null,"contributors":null,"locales":["wo"]},{"name":"Wikipedia (gl)","description":"Wikipedia, a enciclopedia libre","creator":null,"developers":null,"translators":null,"contributors":null,"locales":["gl"]},{"name":"Viquipèdia (ca)","description":"L'enciclopèdia lliure","creator":null,"developers":null,"translators":null,"contributors":null,"locales":["ca"]},{"name":"Wikipédia (sk)","description":"Wikipédia, slobodná a otvorená encyklopédia","creator":null,"developers":null,"translators":null,"contributors":null,"locales":["sk"]},{"name":"Википедија (sr)","description":"Претрага Википедије на српском језику","creator":null,"developers":null,"translators":null,"contributors":null,"locales":["sr"]},{"name":"Wikipedia (af)","description":"Wikipedia, die vrye ensiklopedie","creator":null,"developers":null,"translators":null,"contributors":null,"locales":["af"]},{"name":"ویکی‌پدیا (fa)","description":"ویکی‌پدیا، دانشنامهٔ آزاد","creator":null,"developers":null,"translators":null,"contributors":null,"locales":["fa"]},{"name":"Wikipedia (ms)","description":"Wikipedia, ensiklopedia bebas","creator":null,"developers":null,"translators":null,"contributors":null,"locales":["ms"]},{"name":"Wikipedia (ia)","description":"Wikipedia, le encyclopedia libere","creator":null,"developers":null,"translators":null,"contributors":null,"locales":["ia"]},{"name":"Wikipedia (no)","description":"Wikipedia, den frie encyklopedi","creator":null,"developers":null,"translators":null,"contributors":null,"locales":["NO"]},{"name":"Википедия (ru)","description":"Википедия, свободная энциклопедия","creator":null,"developers":null,"translators":null,"contributors":null,"locales":["ru"]},{"name":"Wikipedia (br)","description":"Wikipedia, an holloueziadur digor","creator":null,"developers":null,"translators":null,"contributors":null,"locales":["br"]},{"name":"Wikipedia (pl)","description":"Wikipedia, wolna encyklopedia","creator":null,"developers":null,"translators":null,"contributors":null,"locales":["pl"]},{"name":"Вікіпэдыя (be-tarask)","description":"Вікіпэдыя, вольная энцыкляпэдыя","creator":null,"developers":null,"translators":null,"contributors":null,"locales":["be-tarask"]},{"name":"Wikipedia (sv)","description":"Wikipedia, den fria encyklopedin","creator":null,"developers":null,"translators":null,"contributors":null,"locales":["sv-SE"]},{"name":"ວິກິພີເດຍ (lo)","description":"ວິກິພີເດຍ, ສາລານຸກົມເສລີ","creator":null,"developers":null,"translators":null,"contributors":null,"locales":["lo"]},{"name":"Wikipedija (sl)","description":"Wikipedija, prosta enciklopedija","creator":null,"developers":null,"translators":null,"contributors":null,"locales":["sl"]},{"name":"Vikipēdija","description":"Vikipēdija, brīvā enciklopēdija","creator":null,"developers":null,"translators":null,"contributors":null,"locales":["lv"]},{"name":"Biquipedia (an)","description":"A enciclopedia Libre","creator":null,"developers":null,"translators":null,"contributors":null,"locales":["an"]}],"targetApplications":[{"id":"toolkit@mozilla.org","minVersion":null,"maxVersion":null}],"targetPlatforms":[],"signedDate":null,"seen":true,"dependencies":[],"incognito":"spanning","userPermissions":{"permissions":[],"origins":[]},"optionalPermissions":{"permissions":[],"origins":[]},"icons":{"16":"favicon.ico"},"iconURL":null,"blocklistState":0,"blocklistURL":null,"startupData":null,"hidden":true,"installTelemetryInfo":null,"recommendationState":null,"rootURI":"resource://search-extensions/wikipedia/","location":"app-builtin"},{"id":"bing@search.mozilla.org","syncGUID":"{cc3da76e-c23e-4875-8b32-655375be53f0}","version":"1.4","type":"extension","loader":null,"updateURL":null,"installOrigins":null,"manifestVersion":2,"optionsURL":null,"optionsType":null,"optionsBrowserStyle":true,"aboutURL":null,"defaultLocale":{"name":"Bing","description":"Microsoft Bing","creator":null,"developers":null,"translators":null,"contributors":null},"visible":true,"active":true,"userDisabled":false,"appDisabled":false,"embedderDisabled":false,"installDate":1688611079714,"applyBackgroundUpdates":1,"path":null,"skinnable":false,"sourceURI":null,"releaseNotesURI":null,"softDisabled":false,"foreignInstall":false,"strictCompatibility":true,"locales":[],"targetApplications":[{"id":"toolkit@mozilla.org","minVersion":null,"maxVersion":null}],"targetPlatforms":[],"signedDate":null,"seen":true,"dependencies":[],"incognito":"spanning","userPermissions":{"permissions":[],"origins":[]},"optionalPermissions":{"permissions":[],"origins":[]},"icons":{"16":"favicon.ico"},"iconURL":null,"blocklistState":0,"blocklistURL":null,"startupData":null,"hidden":true,"installTelemetryInfo":null,"recommendationState":null,"rootURI":"resource://search-extensions/bing/","location":"app-builtin"},{"id":"ddg@search.mozilla.org","syncGUID":"{3c98d110-3b4e-4a02-97fe-3af158956bb2}","version":"1.3","type":"extension","loader":null,"updateURL":null,"installOrigins":null,"manifestVersion":2,"optionsURL":null,"optionsType":null,"optionsBrowserStyle":true,"aboutURL":null,"defaultLocale":{"name":"DuckDuckGo","description":"Search DuckDuckGo","creator":null,"developers":null,"translators":null,"contributors":null},"visible":true,"active":true,"userDisabled":false,"appDisabled":false,"embedderDisabled":false,"installDate":1688611079725,"applyBackgroundUpdates":1,"path":null,"skinnable":false,"sourceURI":null,"releaseNotesURI":null,"softDisabled":false,"foreignInstall":false,"strictCompatibility":true,"locales":[],"targetApplications":[{"id":"toolkit@mozilla.org","minVersion":null,"maxVersion":null}],"targetPlatforms":[],"signedDate":null,"seen":true,"dependencies":[],"incognito":"spanning","userPermissions":{"permissions":[],"origins":[]},"optionalPermissions":{"permissions":[],"origins":[]},"icons":{"16":"favicon.ico"},"iconURL":null,"blocklistState":0,"blocklistURL":null,"startupData":null,"hidden":true,"installTelemetryInfo":null,"recommendationState":null,"rootURI":"resource://search-extensions/ddg/","location":"app-builtin"},{"id":"firefox-compact-light@mozilla.org","syncGUID":"{b1defc74-00ad-4106-b984-ebdd1bca9353}","version":"1.2","type":"theme","loader":null,"updateURL":null,"installOrigins":null,"manifestVersion":2,"optionsURL":null,"optionsType":null,"optionsBrowserStyle":true,"aboutURL":null,"defaultLocale":{"name":"Light","description":"A theme with a light color scheme.","creator":"Mozilla","developers":null,"translators":null,"contributors":null},"visible":true,"active":false,"userDisabled":true,"appDisabled":false,"embedderDisabled":false,"installDate":1688611079786,"applyBackgroundUpdates":1,"path":null,"skinnable":false,"sourceURI":null,"releaseNotesURI":null,"softDisabled":false,"foreignInstall":false,"strictCompatibility":true,"locales":[],"targetApplications":[{"id":"toolkit@mozilla.org","minVersion":null,"maxVersion":null}],"targetPlatforms":[],"signedDate":null,"seen":true,"dependencies":[],"userPermissions":null,"optionalPermissions":null,"icons":{"32":"icon.svg"},"iconURL":null,"blocklistState":0,"blocklistURL":null,"startupData":null,"hidden":false,"installTelemetryInfo":null,"recommendationState":null,"rootURI":"resource://builtin-themes/light/","location":"app-builtin"},{"id":"firefox-compact-dark@mozilla.org","syncGUID":"{d22a2aa4-c8a2-4e84-804d-ef7317c4433d}","version":"1.2","type":"theme","loader":null,"updateURL":null,"installOrigins":null,"manifestVersion":2,"optionsURL":null,"optionsType":null,"optionsBrowserStyle":true,"aboutURL":null,"defaultLocale":{"name":"Dark","description":"A theme with a dark color scheme.","creator":"Mozilla","developers":null,"translators":null,"contributors":null},"visible":true,"active":false,"userDisabled":true,"appDisabled":false,"embedderDisabled":false,"installDate":1688611079786,"applyBackgroundUpdates":1,"path":null,"skinnable":false,"sourceURI":null,"releaseNotesURI":null,"softDisabled":false,"foreignInstall":false,"strictCompatibility":true,"locales":[],"targetApplications":[{"id":"toolkit@mozilla.org","minVersion":null,"maxVersion":null}],"targetPlatforms":[],"signedDate":null,"seen":true,"dependencies":[],"userPermissions":null,"optionalPermissions":null,"icons":{"32":"icon.svg"},"iconURL":null,"blocklistState":0,"blocklistURL":null,"startupData":null,"hidden":false,"installTelemetryInfo":null,"recommendationState":null,"rootURI":"resource://builtin-themes/dark/","location":"app-builtin"},{"id":"firefox-alpenglow@mozilla.org","syncGUID":"{df6b6c5f-2a4e-45c5-b048-38cd65a66509}","version":"1.4","type":"theme","loader":null,"updateURL":null,"installOrigins":null,"manifestVersion":2,"optionsURL":null,"optionsType":null,"optionsBrowserStyle":true,"aboutURL":null,"defaultLocale":{"name":"Firefox Alpenglow","description":"Use a colorful appearance for buttons, menus, and windows.","creator":null,"developers":null,"translators":null,"contributors":null},"visible":true,"active":false,"userDisabled":true,"appDisabled":false,"embedderDisabled":false,"installDate":1688611079787,"applyBackgroundUpdates":1,"path":null,"skinnable":false,"sourceURI":null,"releaseNotesURI":null,"softDisabled":false,"foreignInstall":false,"strictCompatibility":true,"locales":[],"targetApplications":[{"id":"toolkit@mozilla.org","minVersion":null,"maxVersion":null}],"targetPlatforms":[],"signedDate":null,"seen":true,"dependencies":[],"userPermissions":null,"optionalPermissions":null,"icons":{"32":"icon.svg"},"iconURL":null,"blocklistState":0,"blocklistURL":null,"startupData":null,"hidden":false,"installTelemetryInfo":null,"recommendationState":null,"rootURI":"resource://builtin-themes/alpenglow/","location":"app-builtin"},{"id":"ebay@search.mozilla.org","syncGUID":"{946db76a-9051-4eff-9cf4-f8ef5007b622}","version":"1.4","type":"extension","loader":null,"updateURL":null,"installOrigins":null,"manifestVersion":2,"optionsURL":null,"optionsType":null,"optionsBrowserStyle":true,"aboutURL":null,"defaultLocale":{"name":"eBay","description":"eBay - Online auctions","creator":null,"developers":null,"translators":null,"contributors":null},"visible":true,"active":true,"userDisabled":false,"appDisabled":false,"embedderDisabled":false,"installDate":1688611079957,"applyBackgroundUpdates":1,"path":null,"skinnable":false,"sourceURI":null,"releaseNotesURI":null,"softDisabled":false,"foreignInstall":false,"strictCompatibility":true,"locales":[{"name":"eBay","description":"eBay - Online auctions","creator":null,"developers":null,"translators":null,"contributors":null,"locales":["en"]},{"name":"eBay","description":"eBay - Online auctions","creator":null,"developers":null,"translators":null,"contributors":null,"locales":["ie"]},{"name":"eBay","description":"eBay - Online auctions","creator":null,"developers":null,"translators":null,"contributors":null,"locales":["uk"]},{"name":"eBay","description":"eBay - Online auctions","creator":null,"developers":null,"translators":null,"contributors":null,"locales":["it"]},{"name":"eBay","description":"eBay - Online auctions","creator":null,"developers":null,"translators":null,"contributors":null,"locales":["de"]},{"name":"eBay","description":"eBay - Online auctions","creator":null,"developers":null,"translators":null,"contributors":null,"locales":["ca"]},{"name":"eBay","description":"eBay - Online auctions","creator":null,"developers":null,"translators":null,"contributors":null,"locales":["ch"]},{"name":"eBay","description":"eBay - Online auctions","creator":null,"developers":null,"translators":null,"contributors":null,"locales":["at"]},{"name":"eBay","description":"eBay - Online auctions","creator":null,"developers":null,"translators":null,"contributors":null,"locales":["au"]},{"name":"eBay","description":"eBay - Online auctions","creator":null,"developers":null,"translators":null,"contributors":null,"locales":["be"]},{"name":"eBay","description":"eBay - Online auctions","creator":null,"developers":null,"translators":null,"contributors":null,"locales":["es"]},{"name":"eBay","description":"eBay - Online auctions","creator":null,"developers":null,"translators":null,"contributors":null,"locales":["nl"]},{"name":"eBay","description":"eBay - Online auctions","creator":null,"developers":null,"translators":null,"contributors":null,"locales":["fr"]}],"targetApplications":[{"id":"toolkit@mozilla.org","minVersion":null,"maxVersion":null}],"targetPlatforms":[],"signedDate":null,"seen":true,"dependencies":[],"incognito":"spanning","userPermissions":{"permissions":[],"origins":[]},"optionalPermissions":{"permissions":[],"origins":[]},"icons":{"16":"favicon.ico"},"iconURL":null,"blocklistState":0,"blocklistURL":null,"startupData":null,"hidden":true,"installTelemetryInfo":null,"recommendationState":null,"rootURI":"resource://search-extensions/ebay/","location":"app-builtin"},{"id":"uBlock0@raymondhill.net","syncGUID":"{f210fb2d-294d-4f86-84b6-2fa9bb4c7f00}","version":"1.50.0","type":"extension","loader":null,"updateURL":null,"installOrigins":null,"manifestVersion":2,"optionsURL":"dashboard.html","optionsType":3,"optionsBrowserStyle":true,"aboutURL":null,"defaultLocale":{"name":"uBlock Origin","description":"Finally, an efficient blocker. Easy on CPU and memory.","creator":"Raymond Hill & contributors","developers":null,"translators":null,"contributors":null},"visible":true,"active":true,"userDisabled":false,"appDisabled":false,"embedderDisabled":false,"installDate":1688611254599,"updateDate":1688611254599,"applyBackgroundUpdates":1,"path":"/home/b/snap/firefox/common/.mozilla/firefox/0vvovta0.default/extensions/uBlock0@raymondhill.net.xpi","skinnable":false,"sourceURI":"https://addons.mozilla.org/firefox/downloads/file/4121906/ublock_origin-1.50.0.xpi","releaseNotesURI":null,"softDisabled":false,"foreignInstall":false,"strictCompatibility":true,"locales":[{"name":"uBlock Origin","description":"Finally, an efficient blocker. Easy on CPU and memory.","creator":"Raymond Hill & contributors","developers":null,"translators":null,"contributors":null,"locales":["en"]},{"name":"uBlock Origin","description":"高効率ブロッカーついに登場。CPU とメモリーに負担をかけません。","creator":"Raymond Hill & contributors","developers":null,"translators":null,"contributors":null,"locales":["ja"]},{"name":"uBlock Origin","description":"Lõpuks on valminud tõhus blokeerija. Protsessori- ja mälusõbralik.","creator":"Raymond Hill & contributors","developers":null,"translators":null,"contributors":null,"locales":["et"]},{"name":"uBlock Origin","description":"Enfin un blocador eficaç. Sollicita pauc lo CPU e la memòria","creator":"Raymond Hill & contributors","developers":null,"translators":null,"contributors":null,"locales":["oc"]},{"name":"uBlock Origin","description":"Finalmente, um bloqueador eficiente. Leve na CPU e memória.","creator":"Raymond Hill & contributors","developers":null,"translators":null,"contributors":null,"locales":["pt-PT"]},{"name":"uBlock Origin","description":"మొత్తానికి RAM ఇంకా CPU పై తేలికయిన, ఒక సమర్థవంతమైన నిరోధిని.","creator":"Raymond Hill & contributors","developers":null,"translators":null,"contributors":null,"locales":["te"]},{"name":"uBlock Origin","description":"Einlik, in effisjinte adblocker. Brûkt hast gjin prosessorkrêft of ûnthâld.","creator":"Raymond Hill & contributors","developers":null,"translators":null,"contributors":null,"locales":["fy"]},{"name":"uBlock Origin","description":"Un bloqueur de nuisances efficace, qui ménagera votre processeur et votre mémoire vive.","creator":"Raymond Hill & contributors","developers":null,"translators":null,"contributors":null,"locales":["fr"]},{"name":"uBlock Origin","description":"Най-накрая, ефективен блокер. Щадящ процесора и паметта.","creator":"Raymond Hill & contributors","developers":null,"translators":null,"contributors":null,"locales":["bg"]},{"name":"uBlock Origin","description":"Akhirnya, pemblokir iklan yang efisien. Ringan penggunaan CPU dan memori.","creator":"Raymond Hill & contributors","developers":null,"translators":null,"contributors":null,"locales":["id"]},{"name":"uBlock Origin","description":"অবশেষে, একটি সাশ্রয়ী বিজ্ঞাপন রোধক। সিপিইউ এবং মেমরিতে নমনীয়।","creator":"Raymond Hill & contributors","developers":null,"translators":null,"contributors":null,"locales":["bn"]},{"name":"uBlock Origin","description":"Behingoz, blokeatzaile eraginkor bat. PUZ eta memorian arina.","creator":"Raymond Hill & contributors","developers":null,"translators":null,"contributors":null,"locales":["eu"]},{"name":"uBlock Origin","description":"Ugu dambeyntii, xannibaado hufan. Ku fudud oo ku saabsan CPU iyo xusuusta.","creator":"Raymond Hill & contributors","developers":null,"translators":null,"contributors":null,"locales":["so"]},{"name":"uBlock Origin","description":"Äntligen en effektiv blockerare. Snäll mot både processor och minne.","creator":"Raymond Hill & contributors","developers":null,"translators":null,"contributors":null,"locales":["sv"]},{"name":"uBlock Origin","description":"Konečně efektivní blokovač. Nezatěžuje CPU a paměť.","creator":"Raymond Hill & contributors","developers":null,"translators":null,"contributors":null,"locales":["cs"]},{"name":"uBlock Origin","description":"Végre egy hatékony reklám- és követésblokkoló böngészőkhöz, amely kíméletes a processzorral és a memóriával.","creator":"Raymond Hill & contributors","developers":null,"translators":null,"contributors":null,"locales":["hu"]},{"name":"uBlock Origin","description":"Finfine rendimenta reklamoblokilo. Afabla por ĉefprocesoro kaj memoro.","creator":"Raymond Hill & contributors","developers":null,"translators":null,"contributors":null,"locales":["eo"]},{"name":"uBlock Origin","description":"ಕೊನೆಗೂ, ಒಂದು ದಕ್ಷ ನಿರ್ಬಂಧಕ. ಮಿತವಾದ ಸಿಪಿಯೂ ಹಾಗು ಮೆಮೊರಿ ಬಳಕೆ.","creator":"Raymond Hill & contributors","developers":null,"translators":null,"contributors":null,"locales":["kn"]},{"name":"uBlock Origin","description":"අවසානයේදී, මධ්‍ය සැකසුම් ඒකකය සහ මතකය අඩුවෙන් භාවිතා කරන කාර්යක්‍ෂම අවහිරකයක් ඇත.","creator":"Raymond Hill & contributors","developers":null,"translators":null,"contributors":null,"locales":["si"]},{"name":"uBlock Origin","description":"Ефективний блокувальник реклами таки з’явився. Не навантажує процесор та пам'ять.","creator":"Raymond Hill & contributors","developers":null,"translators":null,"contributors":null,"locales":["uk"]},{"name":"uBlock Origin","description":"آخر کار، ایک مؤثر اشتہار کو روکنے والا، یہ کم cpu اور میموری لیتا ہے.","creator":"Raymond Hill & contributors","developers":null,"translators":null,"contributors":null,"locales":["ur"]},{"name":"uBlock Origin","description":"როგორც იქნა, მძლავრი და შედეგიანი რეკლამების შემზღუდავი. ზოგავს CPU-ს და მეხსიერებას.","creator":"Raymond Hill & contributors","developers":null,"translators":null,"contributors":null,"locales":["ka"]},{"name":"uBlock Origin","description":"Finalmente, un blocker efficiente. Leggero sulla CPU e sulla memoria.","creator":"Raymond Hill & contributors","developers":null,"translators":null,"contributors":null,"locales":["it"]},{"name":"uBlock Origin","description":"Endelig en effektiv blokkeringsutvidelse. Lavt CPU- og minnebruk.","creator":"Raymond Hill & contributors","developers":null,"translators":null,"contributors":null,"locales":["no"]},{"name":"uBlock Origin","description":"Më në fund, një bllokues efikas që nuk e rëndon procesorin dhe memorien.","creator":"Raymond Hill & contributors","developers":null,"translators":null,"contributors":null,"locales":["sq"]},{"name":"uBlock Origin","description":"आख़िरकार, क्रोमियम-बेस्ड ब्राउज़रों के लिए एक कुशल अवरोधक। CPU और स्मृति पर आसान।","creator":"Raymond Hill & contributors","developers":null,"translators":null,"contributors":null,"locales":["hi"]},{"name":"uBlock Origin","description":"இறுதியாக, ஒரு திறமையான விளம்பரத் தடுப்பான். கணினியின் மையச் செயற்பகுதியின் மேலும் நினைவகத்தின் மேலும் இலகுவானது.","creator":"Raymond Hill & contributors","developers":null,"translators":null,"contributors":null,"locales":["ta"]},{"name":"uBlock Origin","description":"Axır ki, prosessor və yaddaş yükünü azaldan səmərəli bir əngəlləyici var.","creator":"Raymond Hill & contributors","developers":null,"translators":null,"contributors":null,"locales":["az"]},{"name":"uBlock Origin","description":"Конечно, ефикасен блокер. Лесен на CPU и меморија.","creator":"Raymond Hill & contributors","developers":null,"translators":null,"contributors":null,"locales":["mk"]},{"name":"uBlock Origin","description":"이 부가 기능은 효율적인 차단기입니다. CPU와 메모리에 주는 부담이 적습니다.","creator":"Raymond Hill & contributors","developers":null,"translators":null,"contributors":null,"locales":["ko"]},{"name":"uBlock Origin","description":"Hatimaye, kizuizi kinachofaa. Nyepesi kwenye CPU na kumbukumbu.","creator":"Raymond Hill & contributors","developers":null,"translators":null,"contributors":null,"locales":["sw"]},{"name":"uBlock Origin","description":"وأخيراً, مانع اعلانات كفوء. خفيف على المعالج و الذاكرة.","creator":"Raymond Hill & contributors","developers":null,"translators":null,"contributors":null,"locales":["ar"]},{"name":"uBlock Origin","description":"Cuối cùng, đã có một công cụ chặn quảng cáo hiệu quả, tiêu tốn ít CPU và bộ nhớ.","creator":"Raymond Hill & contributors","developers":null,"translators":null,"contributors":null,"locales":["vi"]},{"name":"uBlock Origin","description":"Pagaliau, efektyvus blokatorius, neapkraunantis nei procesoriaus, nei darbinės atminties.","creator":"Raymond Hill & contributors","developers":null,"translators":null,"contributors":null,"locales":["lt"]},{"name":"uBlock Origin","description":"Endlich ein effizienter Blocker, der wenig Prozessorleistung und Arbeitsspeicher verbraucht.","creator":"Raymond Hill & contributors","developers":null,"translators":null,"contributors":null,"locales":["de"]},{"name":"uBlock Origin","description":"शेवटी, एक कार्यक्षम ब्लॉकर क्रोमियम आधारित ब्राउझरांसाठी. सीपीयू आणि मेमरी वर सोपे जातो.","creator":"Raymond Hill & contributors","developers":null,"translators":null,"contributors":null,"locales":["mr"]},{"name":"uBlock Origin","description":"มาแล้ว! โปรแกรมบล็อกโฆษณาเบาเบา ไม่กิน ซีพียู หรือ แรม","creator":"Raymond Hill & contributors","developers":null,"translators":null,"contributors":null,"locales":["th"]},{"name":"uBlock Origin","description":"Коначно, ефикасан блокатор. Ниски процесорски и меморијски захтеви.","creator":"Raymond Hill & contributors","developers":null,"translators":null,"contributors":null,"locales":["sr"]},{"name":"uBlock Origin","description":"Наконец-то, быстрый и эффективный блокировщик для браузеров.","creator":"Raymond Hill & contributors","developers":null,"translators":null,"contributors":null,"locales":["ru"]},{"name":"uBlock Origin","description":"Ó fin, un bloqueador eficiente que non chupa toda a memoria e o procesador.","creator":"Raymond Hill & contributors","developers":null,"translators":null,"contributors":null,"locales":["gl"]},{"name":"uBlock Origin","description":"Konečne efektívny blokovač. Nezaťažuje CPU ani pamäť.","creator":"Raymond Hill & contributors","developers":null,"translators":null,"contributors":null,"locales":["sk"]},{"name":"uBlock Origin","description":"Finally, an efficient blocker. Easy on CPU and memory.","creator":"Raymond Hill & contributors","developers":null,"translators":null,"contributors":null,"locales":["en-GB"]},{"name":"uBlock Origin","description":"Nareszcie skuteczny bloker charakteryzujący się niskim użyciem procesora i pamięci.","creator":"Raymond Hill & contributors","developers":null,"translators":null,"contributors":null,"locales":["pl"]},{"name":"uBlock Origin","description":"Končno, učinkovita, procesorju in pomnilniku prijazna razširitev za blokiranje oglasov.","creator":"Raymond Hill & contributors","developers":null,"translators":null,"contributors":null,"locales":["sl"]},{"name":"uBlock Origin","description":"بالاخره، یک بلاکر کارآمد. کم حجم بر روی پردازنده و حافظه.","creator":"Raymond Hill & contributors","developers":null,"translators":null,"contributors":null,"locales":["fa"]},{"name":"uBlock Origin","description":"Finalment, un blocador eficient que utilitza pocs recursos de memòria i processador.","creator":"Raymond Hill & contributors","developers":null,"translators":null,"contributors":null,"locales":["ca"]},{"name":"uBlock Origin","description":"Beidzot, efektīvs bloķētājs. Nepārslogo procesoru un atmiņu.","creator":"Raymond Hill & contributors","developers":null,"translators":null,"contributors":null,"locales":["lv"]},{"name":"uBlock Origin","description":"അവസാനം, ഒരു കാര്യക്ഷമമായ ബ്ലോക്കര്‍. ലഘുവായ CPU, memory ഉപയോഗം.","creator":"Raymond Hill & contributors","developers":null,"translators":null,"contributors":null,"locales":["ml"]},{"name":"uBlock Origin","description":"Тинех Интернет тишкерӳҫӗ валли хӑвӑрт та витӗмлӗ чаркӑч пур.","creator":"Raymond Hill & contributors","developers":null,"translators":null,"contributors":null,"locales":["cv"]},{"name":"uBlock Origin","description":"Akhirnya, penyekat yang cekap. Tidak membebankan CPU dan memori.","creator":"Raymond Hill & contributors","developers":null,"translators":null,"contributors":null,"locales":["ms"]},{"name":"uBlock Origin","description":"Endelig en effektiv blokkeringsutvidelse. Lavt CPU- og minnebruk.","creator":"Raymond Hill & contributors","developers":null,"translators":null,"contributors":null,"locales":["nb"]},{"name":"uBlock Origin","description":"Viimeinkin tehokas estotyökalu, joka ei kuormita prosessoria ja muistia.","creator":"Raymond Hill & contributors","developers":null,"translators":null,"contributors":null,"locales":["fi"]},{"name":"uBlock Origin","description":"Mainam na pangharang sa content. Magaan sa CPU at memorya.","creator":"Raymond Hill & contributors","developers":null,"translators":null,"contributors":null,"locales":["fil"]},{"name":"uBlock Origin","description":"În sfârșit, un blocant eficient. Are un impact mic asupra procesorului și memoriei.","creator":"Raymond Hill & contributors","developers":null,"translators":null,"contributors":null,"locales":["ro"]},{"name":"uBlock Origin","description":"Нарэшце, эфектыўны блакавальнік. Не нагружае працэсар і памяць.","creator":"Raymond Hill & contributors","developers":null,"translators":null,"contributors":null,"locales":["be"]},{"name":"uBlock Origin","description":"一款高效的网络请求过滤工具，占用极低的内存和 CPU。","creator":"Raymond Hill & contributors","developers":null,"translators":null,"contributors":null,"locales":["zh-CN"]},{"name":"uBlock Origin","description":"Վերջապե՛ս, արդյունավետ արգելափակիչ։ Խնայում է մշակիչը և հիշողությունը։","creator":"Raymond Hill & contributors","developers":null,"translators":null,"contributors":null,"locales":["hy"]},{"name":"uBlock Origin","description":"Konačno, efikasan bloker. Štedljiv na procesoru i memoriji.","creator":"Raymond Hill & contributors","developers":null,"translators":null,"contributors":null,"locales":["bs"]},{"name":"uBlock Origin","description":"Επιτέλους, ένας αποτελεσματικός blocker. Ελαφρύς για τον επεξεργαστή και τη μνήμη.","creator":"Raymond Hill & contributors","developers":null,"translators":null,"contributors":null,"locales":["el"]},{"name":"uBlock Origin","description":"Por fin, un bloqueador eficiente con uso mínimo de procesador y memoria.","creator":"Raymond Hill & contributors","developers":null,"translators":null,"contributors":null,"locales":["es"]},{"name":"uBlock Origin","description":"Finalmente, um bloqueador eficiente. Com baixo uso de memória e CPU.","creator":"Raymond Hill & contributors","developers":null,"translators":null,"contributors":null,"locales":["pt-BR"]},{"name":"uBlock Origin","description":"Konačno, efikasan blokator. Lak na CPU i memoriji.","creator":"Raymond Hill & contributors","developers":null,"translators":null,"contributors":null,"locales":["hr"]},{"name":"uBlock Origin","description":"Жарнамаларды жақсы өшіретін Addon'дардың бірі. Компьютердің қуатың аз алады.","creator":"Raymond Hill & contributors","developers":null,"translators":null,"contributors":null,"locales":["kk"]},{"name":"uBlock Origin","description":"અંતે, એક કાર્યક્ષમ અવરોધક. સીપીયુ અને મેમરી પર સરળ.","creator":"Raymond Hill & contributors","developers":null,"translators":null,"contributors":null,"locales":["gu"]},{"name":"uBlock Origin","description":"סוף סוף, חוסם יעיל. קל על המעבד והזיכרון.","creator":"Raymond Hill & contributors","developers":null,"translators":null,"contributors":null,"locales":["he"]},{"name":"uBlock Origin","description":"終於有套使用不多的 CPU 及記憶體資源的高效率阻擋器。","creator":"Raymond Hill & contributors","developers":null,"translators":null,"contributors":null,"locales":["zh-TW"]},{"name":"uBlock Origin","description":"Sonunda, etkili bir engelleyici. İşlemciyi ve belleği yormaz.","creator":"Raymond Hill & contributors","developers":null,"translators":null,"contributors":null,"locales":["tr"]},{"name":"uBlock Origin","description":"Endelig en effektiv blocker. Lavt CPU- og hukommelsesforbrug.","creator":"Raymond Hill & contributors","developers":null,"translators":null,"contributors":null,"locales":["da"]},{"name":"uBlock Origin","description":"Eindelijk, een efficiënte adblocker. Gebruikt weinig processorkracht en geheugen.","creator":"Raymond Hill & contributors","developers":null,"translators":null,"contributors":null,"locales":["nl"]}],"targetApplications":[{"id":"toolkit@mozilla.org","minVersion":"79.0","maxVersion":null}],"targetPlatforms":[],"signedState":2,"signedDate":1686592148000,"seen":true,"dependencies":[],"incognito":"spanning","userPermissions":{"permissions":["dns","menus","privacy","storage","tabs","unlimitedStorage","webNavigation","webRequest","webRequestBlocking"],"origins":["<all_urls>","http://*/*","https://*/*","file://*/*","https://easylist.to/*","https://*.fanboy.co.nz/*","https://filterlists.com/*","https://forums.lanik.us/*","https://github.com/*","https://*.github.io/*","https://*.letsblock.it/*"]},"optionalPermissions":{"permissions":[],"origins":[]},"icons":{"16":"img/ublock.svg","32":"img/ublock.svg","48":"img/ublock.svg","64":"img/ublock.svg","96":"img/ublock.svg"},"iconURL":null,"blocklistState":0,"blocklistURL":null,"startupData":null,"hidden":false,"installTelemetryInfo":{"source":"amo","sourceURL":"https://addons.mozilla.org/en-US/firefox/addon/ublock-origin/?utm_source=addons.mozilla.org&utm_medium=referral&utm_content=search","method":"amWebAPI"},"recommendationState":{"validNotAfter":1844380147000,"validNotBefore":1686592147000,"states":["recommended","recommended-android"]},"rootURI":"jar:file:///home/b/snap/firefox/common/.mozilla/firefox/0vvovta0.default/extensions/uBlock0@raymondhill.net.xpi!/","location":"app-profile"},{"id":"{73a6fe31-595d-460b-a920-fcc0f8843232}","syncGUID":"{ddfd0252-88ab-4c7d-a9d3-ac57687a8ec1}","version":"11.4.24","type":"extension","loader":null,"updateURL":null,"installOrigins":null,"manifestVersion":2,"optionsURL":"ui/options.html","optionsType":3,"optionsBrowserStyle":true,"aboutURL":null,"defaultLocale":{"name":"NoScript","description":"Maximum protection for your browser: NoScript allows active content only for trusted domains of your choice to prevent exploitation.","creator":null,"developers":null,"translators":null,"contributors":null},"visible":true,"active":true,"userDisabled":false,"appDisabled":false,"embedderDisabled":false,"installDate":1688611273825,"updateDate":1688611273825,"applyBackgroundUpdates":1,"path":"/home/b/snap/firefox/common/.mozilla/firefox/0vvovta0.default/extensions/{73a6fe31-595d-460b-a920-fcc0f8843232}.xpi","skinnable":false,"sourceURI":"https://addons.mozilla.org/firefox/downloads/file/4131645/noscript-11.4.24.xpi","releaseNotesURI":null,"softDisabled":false,"foreignInstall":false,"strictCompatibility":true,"locales":[{"name":"NoScript","description":"Maximum protection for your browser: NoScript allows active content only for trusted domains of your choice to prevent exploitation.","creator":null,"developers":null,"translators":null,"contributors":null,"locales":["en"]},{"name":"NoScript","description":"Ekstra beskyttelse for Firefox: NoScript tillater JavaScript, Flash (og andre programtillegg) kun for betrodde domener du velger (f.eks. din nettbankside). Denne hvitlistebaserte forhåndsblokkeringsbaserte tilnærmingen forhindrer utnytting av sikkerhetssvakheter (kjente og ukjente!) uten funksjonalitetstap… Eksperter vil bekrefte: Firefox er faktisk tryggere med NoScript :-)","creator":null,"developers":null,"translators":null,"contributors":null,"locales":["nb-NO"]},{"name":"NoScript","description":"ブラウザの最大限の保護：NoScript は、悪用を防ぐために、選択した信頼できるドメインに対してのみアクティブコンテンツを許可します。","creator":null,"developers":null,"translators":null,"contributors":null,"locales":["ja"]},{"name":"NoScript","description":"Une protection maximale pour votre navigateur. NoScript ne permet les contenus actifs que pour les domaines de votre choix, afin de prévenir l’exploitation de vulnérabilités informatiques.","creator":null,"developers":null,"translators":null,"contributors":null,"locales":["fr"]},{"name":"NoScript","description":"ব্রাউজারের জন্য সর্বোচ্চ সুরক্ষা : নোস্ক্রিপ্ট আপনার বিশ্বস্ত চিহ্নিত ডোমেইনগুলোর সক্রিয় কন্টেন্টকেই শুধু চলতে দেয়, যেন কেউ পরিস্থিতির সুযোগ নিতে না পারে।","creator":null,"developers":null,"translators":null,"contributors":null,"locales":["bn"]},{"name":"NoScript","description":"Hámarksvarnir fyrir vafrann þinn: NoScript leyfir virkt efni einungis frá þeim lénum sem þú hefur ákveðið að treysta, svo koma megi í veg fyrir misnotkun.","creator":null,"developers":null,"translators":null,"contributors":null,"locales":["is"]},{"name":"NoScript","description":"Максимальний захист для вашого браузера: NoScript дозволяє активний вміст лише для довірених доменів на ваш вибір, щоб запобігти дії шкідливого програмного забезпечення.","creator":null,"developers":null,"translators":null,"contributors":null,"locales":["uk"]},{"name":"NoScript","description":"Maximalt skydd för din webbläsare: NoScript tillåter aktivt innehåll endast för betrodda domäner som du väljer för att förhindra exploatering.","creator":null,"developers":null,"translators":null,"contributors":null,"locales":["sv-SE"]},{"name":"NoScript","description":"Protezione massima per il tuo browser: NoScript permette i contenuti attivi solo per i domini fidati di tua scelta per impedirne lo sfruttamento.","creator":null,"developers":null,"translators":null,"contributors":null,"locales":["it"]},{"name":"NoScript","description":"Maksimalus jūsų naršyklės apsaugojimas: Aktyvų turinį NoScript leidžia tik iš jūsų pasirinktų patikimų domenų, kad apsisaugotumėte nuo išnaudojimo.","creator":null,"developers":null,"translators":null,"contributors":null,"locales":["lt"]},{"name":"NoScript","description":"Mbrojtje maksimale për shfletuesin tuaj: NoScript lejon lëndë aktive vetëm për përkatësi të besuara që doni, për të penguar shfrytësimin.","creator":null,"developers":null,"translators":null,"contributors":null,"locales":["sq"]},{"name":"NoScript","description":"Maximaler Schutz für Ihren Browser: NoScript lässt aktive Inhalte nur für vertrauenswürdige Domains Ihrer Wahl zu, um das Ausnutzen von Sicherheitslücken zu verhindern.","creator":null,"developers":null,"translators":null,"contributors":null,"locales":["de"]},{"name":"NoScript","description":"Максимална заштита за вашиот пребарувач: NoScript овозможува активна содржина само за доверливите домеини од вашиот избор за да спречи злоупотреба.","creator":null,"developers":null,"translators":null,"contributors":null,"locales":["mk"]},{"name":"NoScript","description":"最大限度地保护您的浏览器：NoScript 只允许您选择的信任域名显示活动内容，以防止漏洞利用。","creator":null,"developers":null,"translators":null,"contributors":null,"locales":["zh-CN"]},{"name":"NoScript","description":"Perlindungan maksimum untuk pelayar anda: NoScript hanya membolehkan kandungan aktif untuk domain yang dipercayai berdasarkan pilihan anda untuk menghindari eksploitasi.","creator":null,"developers":null,"translators":null,"contributors":null,"locales":["ms"]},{"name":"NoScript","description":"بیشترین محافظت برای مرورگر شما: NoScript به محتوا فعال فقط برای دامنه های مورد اعتماد انتخابی شما برای جلوگیری از بهره‌جویی اجازه می‌دهد.","creator":null,"developers":null,"translators":null,"contributors":null,"locales":["fa"]},{"name":"NoScript","description":"Максимальная защита вашего браузера: для предотвращения использования уязвимостей NoScript разрешает активное содержимое только для доверенных доменов, выбранных вами.","creator":null,"developers":null,"translators":null,"contributors":null,"locales":["ru"]},{"name":"NoScript","description":"Maksymalna ochrona dla twojej przeglądarki: NoScript zezwala na aktywne treści tylko w zaufanych domenach, aby zapobiec ich wykorzystaniu.","creator":null,"developers":null,"translators":null,"contributors":null,"locales":["pl"]},{"name":"NoScript","description":"Vahvin suojaus selaimellesi: NoScript sallii aktiivisen sisällön vain luotetuiksi määrittämillesi verkkotunnuksille hyväksikäytön estämiseksi.","creator":null,"developers":null,"translators":null,"contributors":null,"locales":["fi"]},{"name":"NoScript","description":"Protecție maximă pentru browser: NoScript permite conținut activ numai pentru domenii de încredere la alegerea dumneavoastră, pentru a preveni o exploatare.","creator":null,"developers":null,"translators":null,"contributors":null,"locales":["ro"]},{"name":"NoScript","description":"Maximum protection for your browser: NoScript allows active content only for trusted domains of your choice to prevent exploitation.","creator":null,"developers":null,"translators":null,"contributors":null,"locales":["el"]},{"name":"NoScript","description":"Máxima protección para tu navegador: NoScript permite contenido activo solamente para dominios en los que confías por elección, para prevenir la explotación.","creator":null,"developers":null,"translators":null,"contributors":null,"locales":["es"]},{"name":"NoScript","description":"給您的瀏覽器最大保護：NoScript 僅允許您選擇之信任網域的主動式內容，以防止入侵。","creator":null,"developers":null,"translators":null,"contributors":null,"locales":["zh-TW"]},{"name":"NoScript","description":"Proteção máxima para o seu navegador: NoScript permite conteúdo ativo apenas para domínios confiáveis de sua escolha para evitar exploração.","creator":null,"developers":null,"translators":null,"contributors":null,"locales":["pt-BR"]},{"name":"NoScript","description":"הגנה מירבית לדפדפן שלך: NoScript מתיר תוכן פעיל רק עבור תחומים מהימנים לבחירתך כדי למנוע ניצול פירצות.","creator":null,"developers":null,"translators":null,"contributors":null,"locales":["he"]},{"name":"NoScript","description":"Maksimal beskyttelse til din browser: NoScript tillader kun aktivt indhold på troværdige domæner som du vælger, for at forhindre udnyttelse.","creator":null,"developers":null,"translators":null,"contributors":null,"locales":["da"]},{"name":"NoScript","description":"Maximale bescherming voor uw browser: NoScript staat actieve inhoud alleen toe voor vertrouwde domeinen van uw keuze, zodat uitbuiting wordt voorkomen.","creator":null,"developers":null,"translators":null,"contributors":null,"locales":["nl"]},{"name":"NoScript","description":"Protecció màxima per al vostre navegador: NoScript permet contingut actiu només per a dominis de confiança que escolliu per evitar l'explotació.","creator":null,"developers":null,"translators":null,"contributors":null,"locales":["ca"]},{"name":"NoScript","description":"Maksimal beskyttelse for nettleseren din: NoScript tillater bare aktivt innhold for pålitelige domener du ønsker, for å forhindre utnyttelse.","creator":null,"developers":null,"translators":null,"contributors":null,"locales":["nb"]},{"name":"NoScript","description":"Tarayıcınız için en iyi koruma: NoScript, kötü niyetli girişimleri engellemek için, yalnız güvenilir olarak seçtiğiniz etki alanlarında bulunan etkin içeriklerin çalışmasına izin verir.","creator":null,"developers":null,"translators":null,"contributors":null,"locales":["tr"]},{"name":"NoScript","description":"Gwarez evit ho merdeer: NoScript a aotren an endalc'hadoù oberiant hepken evit an domanioù lakaet da fizius hervez ho tibaboù, kement-se evit mirout ouzh ar c'horvoiñ.","creator":null,"developers":null,"translators":null,"contributors":null,"locales":["br"]}],"targetApplications":[{"id":"toolkit@mozilla.org","minVersion":"59.0","maxVersion":null}],"targetPlatforms":[],"signedState":2,"signedDate":1688057776000,"seen":true,"dependencies":[],"incognito":"spanning","userPermissions":{"permissions":["contextMenus","storage","tabs","unlimitedStorage","webNavigation","webRequest","webRequestBlocking","dns"],"origins":["<all_urls>","file://*/*","ftp://*/*"]},"optionalPermissions":{"permissions":[],"origins":[]},"icons":{"48":"img/icon48.png","96":"img/icon96.png","256":"img/icon256.png"},"iconURL":null,"blocklistState":0,"blocklistURL":null,"startupData":null,"hidden":false,"installTelemetryInfo":{"source":"amo","sourceURL":"https://addons.mozilla.org/en-US/firefox/addon/noscript/?utm_source=addons.mozilla.org&utm_medium=referral&utm_content=search","method":"amWebAPI"},"recommendationState":{"validNotAfter":1845845776000,"validNotBefore":1688057776000,"states":["recommended","recommended-android"]},"rootURI":"jar:file:///home/b/snap/firefox/common/.mozilla/firefox/0vvovta0.default/extensions/%7B73a6fe31-595d-460b-a920-fcc0f8843232%7D.xpi!/","location":"app-profile"},{"id":"jid1-BoFifL9Vbdl2zQ@jetpack","syncGUID":"{fb269bb8-ad08-40bf-a08e-324175a5be1f}","version":"2.0.17","type":"extension","loader":null,"updateURL":null,"installOrigins":null,"manifestVersion":2,"optionsURL":"pages/options/options.html","optionsType":5,"optionsBrowserStyle":true,"aboutURL":null,"defaultLocale":{"name":"Decentraleyes","description":"Protects you against tracking through \"free\", centralized, content delivery.","creator":"Thomas Rientjes","developers":null,"translators":null,"contributors":null},"visible":true,"active":true,"userDisabled":false,"appDisabled":false,"embedderDisabled":false,"installDate":1688611296219,"updateDate":1688611296219,"applyBackgroundUpdates":1,"path":"/home/b/snap/firefox/common/.mozilla/firefox/0vvovta0.default/extensions/jid1-BoFifL9Vbdl2zQ@jetpack.xpi","skinnable":false,"sourceURI":"https://addons.mozilla.org/firefox/downloads/file/3902154/decentraleyes-2.0.17.xpi","releaseNotesURI":null,"softDisabled":false,"foreignInstall":false,"strictCompatibility":true,"locales":[{"name":"Decentraleyes","description":"Protects you against tracking through \"free\", centralized, content delivery.","creator":"Thomas Rientjes","developers":null,"translators":null,"contributors":null,"locales":["en-US"]},{"name":"Decentraleyes","description":"「無料」と称してあなたを追跡する大規模なCDNを迂回して、プライバシーを守ります。","creator":"Thomas Rientjes","developers":null,"translators":null,"contributors":null,"locales":["ja"]},{"name":"Decentraleyes","description":"Kaitseb sind \"tasuta\", tsentraliseeritud sisu edastamisest tuleneva jälitamise vastu.","creator":"Thomas Rientjes","developers":null,"translators":null,"contributors":null,"locales":["et"]},{"name":"Decentraleyes","description":"Protege contra monitorização através de entrega de conteúdo centralizado.","creator":"Thomas Rientjes","developers":null,"translators":null,"contributors":null,"locales":["pt-PT"]},{"name":"Decentraleyes","description":"Protège du pistage lié aux diffuseurs de contenus « gratuits », centralisés.","creator":"Thomas Rientjes","developers":null,"translators":null,"contributors":null,"locales":["fr"]},{"name":"Decentraleyes","description":"Para protektahan ka laban sa pagsubaybay sa pamamagitan ng \"libre\", sentralisadong, paghahatid ng nilalaman.","creator":"Thomas Rientjes","developers":null,"translators":null,"contributors":null,"locales":["tl"]},{"name":"Decentraleyes","description":"Защитава ви от следене чрез свободна, централизирана доставка на съдържание.","creator":"Thomas Rientjes","developers":null,"translators":null,"contributors":null,"locales":["bg"]},{"name":"Decentraleyes","description":"Melindungi Anda dari pelacakan distribusi konten \"gratis\" dan terpusat.","creator":"Thomas Rientjes","developers":null,"translators":null,"contributors":null,"locales":["id"]},{"name":"Decentraleyes","description":"\"ফ্রি\", কেন্দ্রীয় কন্টেন্ট ডেলিভারি থেকে তোমাকে রক্ষা করে।","creator":"Thomas Rientjes","developers":null,"translators":null,"contributors":null,"locales":["bn"]},{"name":"Decentraleyes","description":"ਖੁਦ ਨੂੰ \"ਮੁਫ਼ਤ\", ਕੇਂਦਰੀਕ੍ਰਿਤ, ਸਮੱਗਰੀ ਪਹੁੰਚ ਰਾਹੀਂ ਟਰੈਕਿੰਗ ਤੋਂ ਸੁਰੱਖਿਅਤ ਕਰੋ।","creator":"Thomas Rientjes","developers":null,"translators":null,"contributors":null,"locales":["pa"]},{"name":"Decentraleyes","description":"Skyddar dig mot att spåras av \"gratis\" centraliserad innehållsleverans.","creator":"Thomas Rientjes","developers":null,"translators":null,"contributors":null,"locales":["sv"]},{"name":"Decentraleyes","description":"Chrání před sledováním skrze centrálně doručovaný obsah.","creator":"Thomas Rientjes","developers":null,"translators":null,"contributors":null,"locales":["cs"]},{"name":"Decentraleyes","description":"Véd attól, hogy az „ingyenes”, centralizált tartalomszolgáltatók kövessenek.","creator":"Thomas Rientjes","developers":null,"translators":null,"contributors":null,"locales":["hu"]},{"name":"Decentraleyes","description":"Verndar þig gegn eftirliti frá \"ókeypis\" miðlægum efnisveitum.","creator":"Thomas Rientjes","developers":null,"translators":null,"contributors":null,"locales":["is"]},{"name":"Decentraleyes","description":"Захищає вас від стеження \"безкоштовними\", централізованими мережами розповсюдження ресурсів.","creator":"Thomas Rientjes","developers":null,"translators":null,"contributors":null,"locales":["uk"]},{"name":"Decentraleyes","description":"Decentraleyes protektas vin kontraŭ sekvado per senkostaj, centraj enhav-proviz-retoj.","creator":"Thomas Rientjes","developers":null,"translators":null,"contributors":null,"locales":["eo"]},{"name":"Decentraleyes","description":"Protects you against tracking through \"free\", centralized, content delivery.","creator":"Thomas Rientjes","developers":null,"translators":null,"contributors":null,"locales":["si"]},{"name":"Decentraleyes","description":"يحميك من التتبع المرتبط بالوصول للمحتوى \"مجاني\"، مركزية.","creator":"Thomas Rientjes","developers":null,"translators":null,"contributors":null,"locales":["ar"]},{"name":"Decentraleyes","description":"Bảo vệ bạn khỏi bị theo dõi thông qua việc phân phối nội dung \"miễn phí\", tập trung.","creator":"Thomas Rientjes","developers":null,"translators":null,"contributors":null,"locales":["vi"]},{"name":"Decentraleyes","description":"\"무료\"라는 미끼로 당신을 추적하는 대규모 CDN을 사용하지 않음으로써 프라이버시를 지킵니다.","creator":"Thomas Rientjes","developers":null,"translators":null,"contributors":null,"locales":["ko"]},{"name":"Decentraleyes","description":"Protegge dal tracciamento tramite CDN centralizzato \"gratis\".","creator":"Thomas Rientjes","developers":null,"translators":null,"contributors":null,"locales":["it"]},{"name":"Decentraleyes","description":"Schützt vor Tracking durch \"gratis\", zentralisiertes Abliefern von Content.","creator":"Thomas Rientjes","developers":null,"translators":null,"contributors":null,"locales":["de"]},{"name":"Decentraleyes","description":"Ju mbron ju ndaj gjurmimet nëpërmjet dërguesve të përmbajtjeve \"Falas\" të çentralizuara.","creator":"Thomas Rientjes","developers":null,"translators":null,"contributors":null,"locales":["sq"]},{"name":"Decentraleyes","description":"Protects you against tracking through \"free\", centralised, content delivery.","creator":"Thomas Rientjes","developers":null,"translators":null,"contributors":null,"locales":["en-GB"]},{"name":"Decentraleyes","description":"Beskytter mot sporing gjort av \"gratis\" sentralisert innholdslevering.","creator":"Thomas Rientjes","developers":null,"translators":null,"contributors":null,"locales":["nb"]},{"name":"Decentraleyes","description":"Us protegeix contra el seguiment mitjançant un lliurament de contingut \"gratuït\" i centralitzat.","creator":"Thomas Rientjes","developers":null,"translators":null,"contributors":null,"locales":["ca"]},{"name":"Decentraleyes","description":"Штити вас од праћења преко „бесплатних“, централизованих достава садржаја.","creator":"Thomas Rientjes","developers":null,"translators":null,"contributors":null,"locales":["sr"]},{"name":"Decentraleyes","description":"保护您免受集中式的内容交付网络（CDN）的跟踪。","creator":"Thomas Rientjes","developers":null,"translators":null,"contributors":null,"locales":["zh-CN"]},{"name":"Decentraleyes","description":"Защищает Вас от отслеживания через «бесплатные», централизованные CDN.","creator":"Thomas Rientjes","developers":null,"translators":null,"contributors":null,"locales":["ru"]},{"name":"Decentraleyes","description":"Chroni przed śledzeniem przez ośrodki CDN.","creator":"Thomas Rientjes","developers":null,"translators":null,"contributors":null,"locales":["pl"]},{"name":"Decentraleyes","description":"Suojaa sinua \"ilmaisen\", keskitetyn sisällön jakelun välityksellä tapahtuvalta seurannalta.","creator":"Thomas Rientjes","developers":null,"translators":null,"contributors":null,"locales":["fi"]},{"name":"Decentraleyes","description":"Štiti Vas od praćenja kroz \"besplatnu\", centraliziranu dostavu sadržaja.","creator":"Thomas Rientjes","developers":null,"translators":null,"contributors":null,"locales":["hr"]},{"name":"Decentraleyes","description":"Protejează împotriva urmăririi prin livrare de conținut gratuit, centralizat.","creator":"Thomas Rientjes","developers":null,"translators":null,"contributors":null,"locales":["ro"]},{"name":"Decentraleyes","description":"Schützt virun Tracking duerch \"gratis\" Content Delivery Networks.","creator":"Thomas Rientjes","developers":null,"translators":null,"contributors":null,"locales":["lb"]},{"name":"Decentraleyes","description":"Προστατεύει από παρακολούθηση μέσω \"δωρεάν\" διανομής περιεχόμενου.","creator":"Thomas Rientjes","developers":null,"translators":null,"contributors":null,"locales":["el"]},{"name":"Decentraleyes","description":"Protege contra el rastreo con la entrega centralizada y «gratuita» de contenido.","creator":"Thomas Rientjes","developers":null,"translators":null,"contributors":null,"locales":["es"]},{"name":"Decentraleyes","description":"Lhe protege de rastreamento feito usando centrais de disponibilização de conteúdo \"gratuitas\".","creator":"Thomas Rientjes","developers":null,"translators":null,"contributors":null,"locales":["pt-BR"]},{"name":"Decentraleyes","description":"保護您不受「免費」、中心化的內容傳遞網路（CDN）的追蹤。","creator":"Thomas Rientjes","developers":null,"translators":null,"contributors":null,"locales":["zh-TW"]},{"name":"Decentraleyes","description":"מגן עליך מפני מעקב המבוצע דרך רשתות אספקת תוכן ריכוזיות ו\"חינמיות\".","creator":"Thomas Rientjes","developers":null,"translators":null,"contributors":null,"locales":["he"]},{"name":"Decentraleyes","description":"Beskytter dig imod sporing af \"gratis\", centraliserede indholdsleverandører.","creator":"Thomas Rientjes","developers":null,"translators":null,"contributors":null,"locales":["da"]},{"name":"Decentraleyes","description":"Sizi içerik dağıtımıyla yapılan merkezi ve \"ücretsiz\" takipten korur.","creator":"Thomas Rientjes","developers":null,"translators":null,"contributors":null,"locales":["tr"]},{"name":"Decentraleyes","description":"Beschermt tegen tracking via het \"gratis\", gecentraliseerd, verzorgen van content.","creator":"Thomas Rientjes","developers":null,"translators":null,"contributors":null,"locales":["nl"]}],"targetApplications":[{"id":"toolkit@mozilla.org","minVersion":"56.0a1","maxVersion":null}],"targetPlatforms":[],"signedState":2,"signedDate":1643661936000,"seen":true,"dependencies":[],"incognito":"spanning","userPermissions":{"permissions":["privacy","storage","unlimitedStorage","tabs","webNavigation","webRequest","webRequestBlocking"],"origins":["*://*/*"]},"optionalPermissions":{"permissions":[],"origins":[]},"icons":{"16":"icons/icon16.png","48":"icons/icon48.png","96":"icons/icon96.png","128":"icons/icon128.png"},"iconURL":null,"blocklistState":0,"blocklistURL":null,"startupData":null,"hidden":false,"installTelemetryInfo":{"source":"amo","sourceURL":"https://addons.mozilla.org/en-US/firefox/addon/decentraleyes/?utm_source=addons.mozilla.org&utm_medium=referral&utm_content=search","method":"amWebAPI"},"recommendationState":{"validNotAfter":1801449935000,"validNotBefore":1643661935000,"states":["recommended","recommended-android"]},"rootURI":"jar:file:///home/b/snap/firefox/common/.mozilla/firefox/0vvovta0.default/extensions/jid1-BoFifL9Vbdl2zQ@jetpack.xpi!/","location":"app-profile"}]}