{"version":3,"url_overrides":{},"prefs":{"websites.hyperlinkAuditingEnabled":{"initialValue":{},"precedenceList":[{"id":"uBlock0@raymondhill.net","installDate":1688611254599,"value":false,"enabled":true}]},"network.networkPredictionEnabled":{"initialValue":{},"precedenceList":[{"id":"jid1-BoFifL9Vbdl2zQ@jetpack","installDate":1688611296219,"value":false,"enabled":true},{"id":"uBlock0@raymondhill.net","installDate":1688611254599,"value":false,"enabled":true}]}},"commands":{},"homepageNotification":{},"tabHideNotification":{},"default_search":{},"newTabNotification":{}}